year,ISO_code,Countries and territories,region,hf_score,hf_rank,hf_quartile,pf_rol_procedural,pf_rol_civil,pf_rol_criminal,pf_rol,pf_ss_homicide,pf_ss_disappearances_disap,pf_ss_disappearances_violent,pf_ss_disappearances_organized,pf_ss_disappearances_fatalities,pf_ss_disappearances_injuries,pf_ss_disappearances,pf_ss_women_fgm,pf_ss_women_inheritance_widows,pf_ss_women_inheritance_daughters,pf_ss_women_inheritance,pf_ss_women,pf_ss,pf_movement_domestic,pf_movement_foreign,pf_movement_women,pf_movement,pf_religion_estop_establish,pf_religion_estop_operate,pf_religion_estop,pf_religion_harassment,pf_religion_restrictions,pf_religion,pf_association_association,pf_association_assembly,pf_association_political_establish,pf_association_political_operate,pf_association_political,pf_association_prof_establish,pf_association_prof_operate,pf_association_prof,pf_association_sport_establish,pf_association_sport_operate,pf_association_sport,pf_association,pf_expression_killed,pf_expression_jailed,pf_expression_influence,pf_expression_control,pf_expression_cable,pf_expression_newspapers,pf_expression_internet,pf_expression,pf_identity_legal,pf_identity_sex_male,pf_identity_sex_female,pf_identity_sex,pf_identity_divorce,pf_identity,pf_score,pf_rank,ef_government_consumption,ef_government_transfers,ef_government_enterprises,ef_government_tax_income,ef_government_tax_payroll,ef_government_tax,ef_government_soa,ef_government,ef_legal_judicial,ef_legal_courts,ef_legal_protection,ef_legal_military,ef_legal_integrity,ef_legal_enforcement,ef_legal_restrictions,ef_legal_police,ef_legal_crime,ef_legal_gender,ef_legal,ef_money_growth,ef_money_sd,ef_money_inflation,ef_money_currency,ef_money,ef_trade_tariffs_revenue,ef_trade_tariffs_mean,ef_trade_tariffs_sd,ef_trade_tariffs,ef_trade_regulatory_nontariff,ef_trade_regulatory_compliance,ef_trade_regulatory,ef_trade_black,ef_trade_movement_foreign,ef_trade_movement_capital,ef_trade_movement_visit,ef_trade_movement,ef_trade,ef_regulation_credit_ownership,ef_regulation_credit_private,ef_regulation_credit_interest,ef_regulation_credit,ef_regulation_labor_minwage,ef_regulation_labor_firing,ef_regulation_labor_bargain,ef_regulation_labor_hours,ef_regulation_labor_dismissal,ef_regulation_labor_conscription,ef_regulation_labor,ef_regulation_business_adm,ef_regulation_business_bureaucracy,ef_regulation_business_start,ef_regulation_business_bribes,ef_regulation_business_licensing,ef_regulation_business_compliance,ef_regulation_business,ef_regulation,ef_score,ef_rank
2017,GRC,Greece,Eastern Europe,7.33,57,2,6.4,5.7,5.3,5.8,9.7,10,10.0,5,10.0,9.9,9.0,10.0,-,-,5,7.5,8.7,10,10,10,10.0,-,-,10,7.6,4.4,7.3,10,10,-,-,10,-,-,10,-,-,10,10,10.0,10.0,5.7,5.5,10,10,10,8.7,10,10,10,10,5,8.3,8.07,40,5.2,4,4,4,0,2.0,6.8,4.4,4.5,2.2,4.8,8.3,7.5,4.1,8,5.5,6.6,1.0,5.7,7.6,9.5,9.8,5,8.0,9,9,6.7,8.2,6.5,9.4,8.0,10.0,5,0.8,7.7,4.5,7.7,10,10.0,10,10.0,5.6,4.2,5.7,6,5.5,3,5.0,2.2,6.7,9.6,3.9,8.9,7.8,6.5,7.2,6.59,102
2017,GHA,Ghana,Sub-Saharan Africa,6.94,70,2,5.1,6.2,5.1,5.7,9.2,10,10.0,7.5,10.0,10.0,9.5,9.6,-,-,2.5,6.1,8.2,10,10,10,10.0,-,-,7.5,8.8,8,8.1,7.5,7.5,-,-,7.5,-,-,7.5,-,-,7.5,7.5,10.0,10.0,7.0,6.8,10,7.5,10,8.8,-,0,10,5,2.5,3.8,7.3,65,8.5,9.6,6,9,5,7.0,8.9,8.0,5.9,5.4,5.6,5.0,4.2,3.7,7.1,6.2,5.6,0.9,5.2,7.2,8.8,7.5,0,5.9,7.3,7.6,7,7.3,5.6,4,4.8,10.0,6.4,3.8,2.5,4.3,6.6,8,7.2,10,8.4,10.0,5.8,6,8,0,10,6.6,4.7,5.8,9.4,3.5,8.1,7.5,6.5,7.2,6.58,103
2017,DEU,Germany,Western Europe,8.53,8,1,8.6,8.5,7.7,8.3,9.6,10,10.0,10,10.0,10.0,10.0,10.0,-,-,10,10.0,9.9,10,10,10,10.0,-,-,10,7.3,5.8,7.7,10,10,-,-,10,-,-,10,-,-,10,10,10.0,10.0,8.0,7.5,10,10,10,9.4,10,10,10,10,10,10.0,9.25,7,3.9,3.1,10,5,5,5.0,8.9,6.2,7.4,7.0,7.6,10.0,8.3,5.8,6.8,7.2,6.6,1.0,7.4,8.3,9.9,9.7,10,9.5,9,9,6.7,8.2,6.8,9.2,8.0,10.0,6.9,3.1,7.7,5.9,8.0,5,10.0,10,8.3,8.9,6.2,5.8,8,6.3,10,7.5,6.3,9.3,9.6,7.1,8.9,7.6,8.1,8.0,7.82,20
2017,GEO,Georgia,Caucasus & Central Asia,7.74,41,1,5.6,5.4,5.1,5.4,9.6,10,10.0,5,10.0,9.7,8.9,10.0,-,-,7.5,8.8,9.1,0,10,10,6.7,-,-,7.5,8.1,5.9,7.2,10,7.5,-,-,7.5,-,-,7.5,-,-,10,8.5,10.0,10.0,5.7,4.8,10,10,10,8.6,7,10,10,10,7.5,8.2,7.53,59,5.4,6.9,8,10,10,10.0,7.6,7.6,4.3,4.1,6.2,5.3,-,6.8,10,7,7,1.0,6.3,7.9,8.9,8.8,10,8.9,9.9,9.7,8.3,9.3,6.5,9.6,8.0,10.0,6.4,6.9,9.5,7.6,8.7,10,9.6,10,9.9,6.7,5.8,7.2,8,9.3,3,6.6,6.1,8.4,9.9,5.6,9.9,7.5,7.9,8.1,7.94,12
2017,GMB,Gambia,Sub-Saharan Africa,5.94,135,4,-,-,-,4.5,6.3,10,10.0,5,10.0,10.0,9.0,2.5,-,-,0,1.3,5.5,5,5,2.5,4.2,-,-,-,8.7,6.5,7.6,-,-,-,-,-,-,-,-,-,-,-,-,10.0,10.0,0.3,1.3,-,-,-,5.4,-,0,0,0,0,0.0,4.64,155,8.3,9.6,4,8,8,8.0,6.2,7.2,4.8,4.9,5.6,3.3,5.8,5.1,6.3,7.3,6.9,1.0,5.4,9.0,9.5,8.4,10,9.2,5.2,7.6,7,6.6,5.3,4.8,5.0,8.9,7,7.7,10,8.2,7.2,10,2.5,9,7.2,10.0,4.6,7.1,10,5.5,10,7.9,5.7,3.3,7.9,5,8.6,6.3,6.1,7.1,7.23,60
2017,GAB,Gabon,Sub-Saharan Africa,5.99,132,4,-,-,-,4.1,6.8,10,10.0,5,10.0,9.8,9.0,10.0,-,-,7.5,8.8,8.2,5,0,2.5,2.5,-,-,7.5,9.9,9.4,8.9,5,2.5,-,-,2.5,-,-,2.5,-,-,7.5,4,10.0,10.0,2.0,3.8,7.5,7.5,2.5,6.2,-,10,10,10,7.5,8.8,6.1,120,4.5,9.8,10,5,2,3.5,3.7,6.3,-,4.4,5.1,3.3,5,2.9,4.3,6.4,5.9,0.8,4.2,7.2,7.8,9.5,0,6.1,-,6.5,6.1,6.3,5.6,3.6,4.6,10.0,6.6,1.5,0.2,2.8,5.9,5,9.3,10,8.1,7.2,5.8,6,8,8.5,10,7.6,4.4,2.7,8.9,3.7,6.4,2.9,4.8,6.8,5.88,138
2017,FRA,France,Western Europe,8.02,33,1,6.8,7,6.5,6.8,9.5,10,10.0,10,10.0,9.9,10.0,10.0,-,-,7.5,8.8,9.4,10,10,10,10.0,-,-,7.5,7.1,7.2,7.3,10,10,-,-,10,-,-,10,-,-,10,10,10.0,10.0,8.0,6.8,10,10,10,9.3,10,10,10,10,10,10.0,8.69,29,2.8,2.3,8,5,2,3.5,7.4,4.8,7.1,5.6,7.5,8.3,8.3,6.4,6.8,7.8,6.5,1.0,7.0,8.2,9.9,9.8,10,9.5,9,9,6.7,8.2,5.4,10,7.7,10.0,7.2,5.4,7.7,6.8,8.2,8,8.8,10,8.9,2.2,2.6,6.7,4,8.1,10,5.6,3,8.9,9.9,6.3,7.9,8.4,7.4,7.3,7.35,50
2017,DOM,Dominican_Republic,Latin America & the Caribbean,6.95,68,2,5.2,4.5,3.3,4.4,5.5,10,10.0,7.5,9.9,10.0,9.5,10.0,-,-,10,10.0,8.3,5,10,10,8.3,-,-,10,10,5.5,8.5,7.5,7.5,-,-,7.5,-,-,5,-,-,10,7.5,3.8,10.0,7.3,4.8,10,10,10,8.0,0,10,10,10,7.5,5.8,6.98,77,7.4,9.7,0,9,7,8.0,7.1,6.4,2.3,3.0,5,5.0,4.2,3.5,8,2.7,3.3,1.0,4.1,9.2,9.5,9.3,10,9.5,8.8,8.5,6.5,7.9,5.2,8.9,7.0,10.0,6.5,3.8,10,6.8,7.9,5,10.0,10,8.3,5.6,3.7,6.1,8,2.8,10,6.0,3.1,4.7,9.2,2.2,7.6,6.4,5.5,6.6,6.92,77
2017,FJI,Fiji,Oceania,7.17,60,2,-,-,-,4.8,9.1,10,10.0,-,10.0,10.0,10.0,10.0,-,-,7.5,8.8,9.3,10,5,2.5,5.8,-,-,-,9.1,9.4,9.2,-,-,-,-,-,-,-,-,-,-,-,-,10.0,10.0,4.7,6.0,-,-,-,7.7,-,10,10,10,10,10.0,7.61,56,4.7,9.1,6,5,5,5.0,5.1,6.0,3.1,5.1,4.5,8.4,-,4.9,7.7,-,-,0.9,5.3,9.3,9.4,9.3,0,7.0,6.3,7.8,0,4.7,5.6,6.4,6.0,10.0,-,0,10,5.0,6.4,10,9.3,10,9.8,8.9,-,-,10,8.3,10,9.3,-,6.7,8.6,-,8.6,7.2,7.8,8.9,6.74,90
2017,ETH,Ethiopia,Sub-Saharan Africa,5.25,153,4,2.3,3.9,3.4,3.3,7.0,5,10.0,2.5,9.8,9.9,7.4,3.5,-,-,7.5,5.5,6.6,10,0,10,6.7,-,-,2.5,8.1,6,5.6,0,0,-,-,2.5,-,-,2.5,-,-,2.5,1.5,10.0,9.5,0.3,0.5,7.5,7.5,2.5,5.4,-,0,0,0,7.5,3.8,4.77,153,7.0,9.1,4,7,3,5.0,2.8,5.6,4.5,4.3,5.3,1.7,7.5,5.5,7,5,5.7,0.8,4.7,9.0,8.9,8.0,0,6.5,3.2,6.5,5.3,5,4.7,3.3,4.0,10.0,4.4,0,0.2,1.5,5.1,2,9.2,10,7.1,6.7,4.5,5.5,10,7,10,7.3,4.6,2.4,8.4,4,8.7,6.6,5.8,6.7,5.72,143
2017,SWZ,Eswatini,Sub-Saharan Africa,6.4,111,3,-,-,-,4.7,6.2,10,10.0,7.5,10.0,10.0,9.5,10.0,-,-,2.5,6.3,7.3,10,5,7.5,7.5,-,-,-,9.3,6.6,8,-,-,-,-,-,-,-,-,-,-,-,-,10.0,10.0,1.3,2.5,-,-,-,6.0,7,0,10,5,2.5,4.8,6.29,110,4.7,9.9,0,7,7,7.0,4.7,5.3,4.5,3.8,5.1,5.5,-,1.6,7.3,7.2,7.1,0.9,4.9,8.7,8.5,8.8,5,7.7,0,8.5,5.6,4.7,5.9,9.8,7.8,10.0,6.1,0.8,9.6,5.5,7.0,8,8.3,10,8.8,8.9,5.5,5.3,10,6.9,10,7.7,4.6,4.0,8.9,5,9,8.6,6.7,7.7,6.52,107
2017,EST,Estonia,Eastern Europe,8.46,15,1,8.8,7.8,6.8,7.8,9.1,10,10.0,10,10.0,10.0,10.0,10.0,-,-,10,10.0,9.7,10,10,10,10.0,-,-,7.5,9.1,8.4,8.3,10,7.5,-,-,10,-,-,10,-,-,10,9.5,10.0,10.0,8.3,9.0,10,10,10,9.6,7,10,10,10,10,9.0,9.02,15,3.4,6.1,7,10,4,7.0,7.5,6.2,7.6,5.4,7.3,8.3,6.7,5.7,9.5,8.3,7.7,1.0,7.4,8.3,9.5,9.3,10,9.3,9,9,6.7,8.2,7,9.9,8.5,10.0,7.8,5.4,7.7,7.0,8.4,10,9.9,10,10.0,6.7,5.9,8.6,4,9.3,3,6.2,5.1,10.0,9.8,6.9,9.2,9.4,8.4,8.2,7.89,13
2017,SLV,El_Salvador,Latin America & the Caribbean,6.89,75,2,4.5,5,3,4.4,0.0,5,10.0,7.5,10.0,10.0,8.5,10.0,-,-,7.5,8.8,5.8,5,10,10,8.3,-,-,10,9.4,7.8,9.1,7.5,7.5,-,-,7.5,-,-,7.5,-,-,10,8,10.0,10.0,6.7,5.5,10,10,10,8.9,0,10,10,10,10,6.7,6.62,93,7.1,9.3,8,8,8,8.0,9.6,8.4,3.7,2.5,4.1,4.2,2.5,3.8,8.2,2.4,0.8,1.0,3.6,9.8,9.8,9.8,10,9.9,9.2,8.8,6.6,8.2,4.8,8.6,6.7,10.0,5.3,3.8,7.9,5.7,7.6,8,9.6,10,9.2,4.4,3.4,7.1,6,2.6,3,4.4,2.4,4.4,9.0,2.5,5.8,8.0,5.4,6.3,7.16,63
2017,EGY,Egypt,Middle East & North Africa,4.5,157,4,1.8,3.8,4.2,3.6,9.0,0,8.3,2.5,7.0,8.7,5.3,1.3,-,-,0,0.7,5.0,10,0,2.5,4.2,-,-,2.5,5.9,2.8,3.7,5,2.5,-,-,2.5,-,-,2.5,-,-,5,3.5,10.0,7.9,1.3,1.5,7.5,10,7.5,6.5,-,0,0,0,0,0.0,3.95,159,8.7,7.1,0,9,5,7.0,1.5,4.9,6.9,4.3,5.5,1.7,5,3.4,8.2,6.3,5.7,0.5,4.0,6.5,7.4,4.1,5,5.8,8.3,6.2,0,4.8,5.4,2,3.7,10.0,4.3,4.6,5.2,4.7,5.8,2,0.0,9,3.7,10.0,4.8,6.4,8,0.6,0,5.0,3.7,2.9,9.2,4.8,8.1,5.6,5.7,4.8,5.05,155
2017,ECU,Ecuador,Latin America & the Caribbean,6.82,82,2,4.4,4.6,3.8,4.3,7.7,10,10.0,7.5,10.0,10.0,9.5,10.0,-,-,7.5,8.8,8.6,10,10,10,10.0,-,-,5,9.3,9.1,7.8,7.5,10,-,-,5,-,-,2.5,-,-,7.5,6.5,10.0,9.4,2.3,3.3,10,10,10,7.9,10,10,10,10,7.5,9.2,7.36,64,6.0,9.6,6,6,4,5.0,6,6.5,1.3,2.2,3.9,2.5,4.2,4.9,8.6,4.7,4.6,1.0,4.0,9.3,9.1,9.9,5,8.3,6.5,7.6,4.9,6.3,3.2,5.2,4.2,10.0,3.4,3.1,10,5.5,6.5,8,7.7,10,8.6,4.4,2.4,6.4,6,0.6,10,5.0,2.1,3.1,8.2,2.6,8.8,2.6,4.6,6.0,6.28,118
2017,GTM,Guatemala,Latin America & the Caribbean,7.07,65,2,5.4,3.5,3,4.0,0.0,10,10.0,5,10.0,10.0,9.0,10.0,-,-,7.5,8.8,5.9,10,10,10,10.0,-,-,10,8.9,6.5,8.5,7.5,7.5,-,-,10,-,-,2.5,-,-,10,7.5,10.0,9.4,4.0,4.3,10,10,10,8.2,0,10,10,10,10,6.7,6.56,95,8.8,9.9,10,10,9,9.5,9,9.4,4.1,3.0,5,6.7,4.2,3.4,8.3,3.1,2.6,0.9,4.3,9.2,9.9,9.1,10,9.5,9.3,8.9,7.5,8.6,5.8,6.6,6.2,10.0,6.4,6.9,8.7,7.4,8.0,10,8.9,10,9.6,3.3,5,7.1,4,1.3,3,3.9,3.2,5.3,9.3,3.4,7.2,7.2,5.9,6.5,7.57,34
2017,FIN,Finland,Western Europe,8.53,8,1,9.5,8,8.5,8.6,9.5,10,10.0,10,9.9,9.6,9.9,10.0,-,-,10,10.0,9.8,10,10,10,10.0,-,-,10,8.7,5,7.9,10,10,-,-,10,-,-,10,-,-,10,10,10.0,10.0,8.7,9.0,10,10,10,9.7,7,10,10,10,10,9.0,9.27,4,3.0,3.6,8,3,2,2.5,6.4,4.7,9.6,8.0,9.3,10.0,10,5.8,7.8,9.7,8.9,1.0,8.8,8.1,9.7,9.8,10,9.4,9,9,6.7,8.2,7.9,9.1,8.5,10.0,7.7,3.1,7.7,6.2,8.2,10,9.7,10,9.9,3.9,4.2,2.2,8,10,3,5.2,6.1,8.2,9.4,8.6,9.9,9.0,8.5,7.9,7.8,21
2017,GIN,Guinea,Sub-Saharan Africa,5.61,144,4,-,-,-,3.2,6.5,10,10.0,7.5,10.0,10.0,9.5,0.3,-,-,2.5,1.4,5.8,0,10,10,6.7,-,-,10,9.1,6.5,8.5,7.5,7.5,-,-,10,-,-,10,-,-,10,9,10.0,10.0,3.3,2.8,7.5,7.5,7.5,6.9,-,0,0,0,0,0.0,5.37,143,7.0,-,6,5,3,4.0,4.6,5.4,2.5,2.8,5.9,0.8,4.2,5.4,6.6,2,4.1,0.7,3.2,9.1,8.8,8.2,5,7.8,-,7.6,7,7.3,4.5,1.9,3.2,10.0,6.4,0.8,2.3,3.2,5.9,-,10.0,10,10.0,5.6,4.8,7.5,6,8.1,0,5.3,4.2,2.4,9.1,3.2,8.5,5.5,5.5,6.9,5.86,139
2017,IDN,Indonesia,South Asia,6.83,81,2,2.1,4.5,3.5,4.1,9.8,10,10.0,7.5,10.0,10.0,9.5,10.0,-,-,0,5.0,8.1,10,5,7.5,7.5,-,-,2.5,6.2,2.8,3.9,10,10,-,-,5,-,-,2.5,-,-,7.5,7,10.0,10.0,4.7,5.5,7.5,10,5,7.5,10,5,5,5,7.5,7.5,6.38,105,7.7,9.7,10,8,7,7.5,6.7,8.3,5.6,5.0,6.2,4.2,4.2,3.3,6.7,5.6,5.3,0.9,4.9,9.9,9.6,9.2,10,9.7,9.5,8.4,5.8,7.9,5.5,3.9,4.7,10.0,5.7,1.5,8.3,5.2,6.9,5,9.6,10,8.2,1.1,5.8,6.2,10,0,5,4.7,5.2,4.7,9.3,4.8,7.5,7.7,6.5,6.5,7.27,54
2017,GUY,Guyana,Latin America & the Caribbean,6.74,88,3,4.9,5.1,4,4.7,4.1,10,10.0,7.5,10.0,10.0,9.5,10.0,-,-,10,10.0,7.9,10,10,2.5,7.5,-,-,-,9.7,8.7,9.2,-,-,-,-,-,-,-,-,-,-,-,-,10.0,10.0,6.3,6.0,-,-,-,8.1,-,0,10,5,10,7.5,7.16,70,5.8,-,6,5,5,5.0,6.1,5.7,3.9,5.0,4.5,6.7,2.5,4.4,7.6,5.8,4.4,0.9,4.8,10.0,8.9,9.6,5,8.4,-,7.8,5.1,6.5,5.2,1.4,3.3,10.0,5.7,5.8,4.5,5.3,6.3,10,0.0,9,6.3,8.9,5.8,6.5,4,7.4,10,7.1,3.2,4.4,9.3,3.1,7.5,7.1,5.8,6.4,6.32,117
2017,KEN,Kenya,Sub-Saharan Africa,6.85,79,2,3,4.6,3.8,4.0,8.0,5,9.4,5,9.2,9.6,7.6,7.9,-,-,2.5,5.2,6.9,10,10,10,10.0,-,-,7.5,7.7,6.5,7.2,10,7.5,-,-,5,-,-,5,-,-,7.5,7,10.0,10.0,4.3,4.0,10,10,10,8.3,10,0,10,5,5,6.7,6.65,92,7.6,8.9,6,8,8,8.0,6.7,7.4,5.5,4.8,6,5.8,5,4.4,7.1,5.2,3.5,1.0,5.2,9.1,9.4,8.4,10,9.2,7.5,7.4,5.2,6.7,5.4,5.7,5.5,10.0,6.1,3.8,3.8,4.6,6.7,10,0.0,10,6.7,6.7,5.5,6.4,8,6.3,10,7.2,5,3.8,9.0,3.6,8.3,8.0,6.3,6.7,7.05,70
2017,KAZ,Kazakhstan,Caucasus & Central Asia,6.9,73,2,3.4,5.6,4.1,4.5,8.0,10,10.0,5,10.0,10.0,9.0,10.0,-,-,10,10.0,9.0,10,5,10,8.3,-,-,2.5,8.5,5.6,5.5,5,5,-,-,2.5,-,-,2.5,-,-,5,4,10.0,8.9,0.7,1.5,7.5,7.5,7.5,6.2,7,10,10,10,10,9.0,6.69,90,6.7,8.6,6,10,8,9.0,4.8,7.0,4.5,4.2,5.2,8.3,5.8,6.3,9.9,5.2,6.9,0.7,5.3,8.8,8.2,8.5,10,8.9,7,8.7,7.3,7.7,5.8,5.8,5.8,10.0,5.1,2.3,1.7,3.0,6.6,8,8.8,10,8.9,10.0,5.1,6.1,10,9.3,3,7.2,4.4,6.0,9.8,4,9.3,8.0,6.9,7.7,7.1,68
2017,JOR,Jordan,Middle East & North Africa,6.84,80,2,3.2,6.2,6,5.8,9.4,10,10.0,7.5,9.9,10.0,9.5,10.0,-,-,0,5.0,8.0,10,5,0,5.0,-,-,7.5,7.8,3.8,6.3,5,7.5,-,-,5,-,-,2.5,-,-,5,5,10.0,10.0,2.7,3.5,7.5,7.5,5,6.6,-,10,10,10,0,5.0,6.23,115,5.8,8.2,10,10,5,7.5,6.2,7.6,6.6,5.1,6.5,6.7,5.8,3.7,6.7,8.2,6.5,0.6,4.8,9.4,9.3,9.3,10,9.5,9.2,8,4,7.1,5,6.7,5.9,10.0,5.6,6.2,10,7.2,7.5,10,6.2,10,8.7,7.8,5.2,7.1,6,10,10,7.7,4.2,4.4,9.3,5.3,9.8,8.6,7.0,7.8,7.44,43
2017,JPN,Japan,East Asia,8.28,25,1,7.7,7.9,7.4,7.6,9.9,10,10.0,10,10.0,10.0,10.0,10.0,-,-,10,10.0,10.0,10,10,10,10.0,-,-,5,9.3,10,8.1,10,10,-,-,7.5,-,-,5,-,-,5,7.5,10.0,10.0,8.3,6.0,10,10,10,9.2,7,10,10,10,7.5,8.2,8.7,28,4.1,4.2,8,3,3,3.0,9.4,5.7,8.4,6.5,8.4,8.3,8.3,6.3,7.8,8.6,7.4,1.0,7.6,8.6,9.5,9.9,10,9.5,9.6,9.2,4.1,7.7,6.1,8.9,7.5,10.0,7.2,8.5,7.1,7.6,8.2,8,8.1,10,8.7,8.9,3.9,8,8,10,10,8.1,4.6,9.3,9.6,7.4,8.1,8.5,7.9,8.3,7.86,17
2017,JAM,Jamaica,Latin America & the Caribbean,7.2,59,2,5.8,5.4,5,5.4,0.0,10,10.0,7.5,10.0,10.0,9.5,10.0,-,-,10,10.0,6.5,10,10,10,10.0,-,-,10,9.4,8.5,9.3,10,10,-,-,10,-,-,7.5,-,-,10,9.5,10.0,10.0,9.0,7.8,10,10,10,9.5,0,0,10,5,7.5,4.2,7.23,66,7.5,8.4,7,8,5,6.5,8,7.5,6.4,4.1,5.9,10.0,3.3,3.3,6.4,4.5,2.9,1.0,5.1,5.4,9.4,9.1,10,8.5,1.3,8.3,5.5,5,6.5,5.7,6.1,10.0,7,1.5,10,6.2,6.8,10,9.7,9,9.6,8.9,5,7.2,10,6.5,10,7.9,3.7,5.6,9.9,4,8.6,7.0,6.4,8.0,7.17,61
2017,ITA,Italy,Western Europe,8.04,32,1,7.5,5.6,6.4,6.5,9.7,10,10.0,10,10.0,10.0,10.0,10.0,-,-,10,10.0,9.9,10,10,10,10.0,-,-,10,7.8,6.3,8,10,10,-,-,10,-,-,7.5,-,-,10,9.5,10.0,10.0,6.0,7.5,10,10,10,9.1,7,10,10,10,10,9.0,8.67,31,4.9,3.5,10,4,1,2.5,9.6,6.1,5.1,2.0,5.4,10.0,6.7,3.6,8.3,6,5.1,1.0,5.8,8.0,9.9,9.8,10,9.4,9,9,6.7,8.2,6.4,10,8.2,10.0,5,6.9,7.7,6.6,8.2,10,8.8,10,9.6,5.6,3.2,4.1,8,10,10,6.8,1.9,7.3,9.7,3.8,7.2,7.3,6.2,7.5,7.41,46
2017,ISR,Israel,Middle East & North Africa,7.61,46,2,-,-,-,6.8,9.5,10,10.0,5,9.9,9.7,8.9,10.0,-,-,7.5,8.8,9.0,5,5,10,6.7,-,-,7.5,6.5,3.8,5.9,10,10,-,-,10,-,-,10,-,-,10,10,10.0,5.4,7.3,6.5,10,10,10,8.5,-,10,10,10,2.5,6.3,7.7,53,3.2,6.6,10,5,5,5.0,7.6,6.5,8.2,5.6,7.5,4.2,8.3,3.5,6.9,6.9,6.7,0.9,6.2,8.0,9.6,10.0,10,9.4,9.7,9.2,6.8,8.6,6,7.3,6.6,10.0,7,6.2,9.8,7.7,8.2,10,8.7,10,9.6,8.9,5.8,7.1,8,2.5,0,5.4,4.5,8.2,9.6,6.1,7.5,7.3,7.2,7.4,7.53,38
2017,GNB,Guinea-Bissau,Sub-Saharan Africa,6.07,130,4,-,-,-,2.9,9.6,10,10.0,5,10.0,10.0,9.0,5.5,-,-,2.5,4.0,7.5,10,10,10,10.0,-,-,-,9.9,9.8,9.9,-,-,-,-,-,-,-,-,-,-,-,-,10.0,10.0,4.3,4.0,-,-,-,7.1,-,10,10,10,5,7.5,6.9,83,8.8,-,0,10,4,7.0,4.3,5.0,1.7,3.0,0,3.3,4.2,3.3,7.3,-,-,0.8,2.9,7.5,7.9,9.7,0,6.3,-,7.6,7,7.3,8,4.3,6.2,10.0,-,0.8,1.5,1.2,6.2,10,7.6,4,7.2,3.3,-,-,8,2.5,0,3.5,-,2.7,8.8,-,8.5,7.6,6.9,5.8,5.23,151
2017,IRL,Ireland,Western Europe,8.52,10,1,-,-,-,7.5,9.6,10,10.0,7.5,10.0,10.0,9.5,10.0,-,-,10,10.0,9.7,10,10,10,10.0,-,-,10,8.6,8.7,9.1,10,10,-,-,7.5,-,-,5,-,-,5,7.5,10.0,10.0,8.0,8.5,10,10,10,9.5,10,10,10,10,10,10.0,8.9,19,3.7,7.3,10,5,2,3.5,9.1,6.7,8.6,5.2,8.2,10.0,10,3.9,7.3,7.9,6.6,1.0,7.5,8.8,9.2,9.9,10,9.5,9,9,6.7,8.2,6.6,9.1,7.8,10.0,8,7.7,8.9,8.2,8.6,8,9.9,10,9.3,8.9,5,7.1,10,6.4,10,7.9,5,8.0,9.8,7.3,8.5,9.1,7.9,8.4,8.13,6
2017,IRN,Iran,Middle East & North Africa,5.1,154,4,2.1,5.2,4.5,4.4,9.0,5,9.9,2.5,9.8,9.8,7.4,10.0,-,-,0,5.0,7.1,0,0,0,0.0,-,-,2.5,6.9,3.4,4.3,2.5,5,-,-,5,-,-,2.5,-,-,5,4,10.0,9.5,0.0,1.0,7.5,5,5,5.4,7,0,0,0,0,2.3,4.48,156,5.3,8,4,7,7,7.0,3,5.5,4.3,3.6,4.8,7.5,6.7,5.5,7.5,5.6,5.7,0.6,4.6,8.4,3.7,10.0,10,8.0,7.5,4.7,0,4.1,4.9,4.4,4.7,9.3,3.8,0.8,0.4,1.7,4.9,0,9.2,10,6.4,7.8,4.5,5.3,8,2.5,1,4.8,3.6,1.3,7.7,4.3,8.8,7.6,5.5,5.6,5.72,143
2017,IND,India,South Asia,6.64,94,3,4,4.2,4.2,4.3,8.7,5,9.8,5,9.9,9.9,7.9,10.0,-,-,5,7.5,8.0,5,5,10,6.7,-,-,5,5.5,5.9,5.5,7.5,7.5,-,-,10,-,-,5,-,-,5,7,9.9,10.0,6.3,4.5,10,7.5,7.5,8.0,7,0,10,5,5,5.7,6.37,108,7.0,9,10,8,8,8.0,7.1,8.2,5.8,5.8,6,6.7,7.5,3.1,5.9,6,5.6,0.8,5.2,9.7,9.3,9.5,5,8.4,7.9,7.2,3.3,6.1,5.9,6.4,6.1,10.0,5.8,0,0.3,2.1,6.1,2,7.6,10,6.5,7.2,6,5.9,5,6.3,10,6.7,5.7,3.8,9.3,5.6,9.4,6.9,6.8,6.7,6.91,79
2017,ISL,Iceland,Western Europe,8.41,18,1,-,-,-,7.8,9.6,10,10.0,10,10.0,10.0,10.0,10.0,-,-,10,10.0,9.9,10,10,10,10.0,-,-,10,9.6,4.8,8.1,10,10,-,-,10,-,-,10,-,-,10,10,10.0,10.0,8.7,8.8,10,10,10,9.6,7,10,10,10,10,9.0,9.08,13,2.5,8,8,4,3,3.5,7.1,5.8,7.8,6.8,8.1,10.0,10,6.8,8.8,9,8.2,1.0,8.4,9.3,9.2,9.6,10,9.5,9.9,9.2,2,7,5.3,8.8,7.0,10.0,4.4,3.1,7.7,5.1,7.3,2,10.0,10,7.3,5.6,7.3,4.9,8,10,10,7.6,5.2,8.2,9.6,7.5,9.5,8.4,8.1,7.7,7.74,23
2017,HUN,Hungary,Eastern Europe,7.65,45,2,6.6,5,4.7,5.4,9.0,10,10.0,7.5,10.0,10.0,9.5,10.0,-,-,5,7.5,8.7,10,10,10,10.0,-,-,7.5,8,6.4,7.3,10,7.5,-,-,10,-,-,10,-,-,7.5,9,10.0,10.0,6.0,5.8,10,10,10,8.8,10,10,10,10,10,10.0,8.04,43,3.3,5.7,6,10,4,7.0,5,5.4,3.5,2.8,4.3,10.0,6.7,5,8,5.8,7.6,1.0,6.0,9.9,9.5,9.5,10,9.7,9,9,6.7,8.2,5.4,10,7.7,10.0,6.3,3.8,7.7,6.0,8.0,8,9.1,9,8.7,7.2,5.6,6.4,4,7.8,10,6.8,3.3,6.9,9.6,3.4,7.8,6.9,6.3,7.3,7.27,54
2017,HKG,"Hong Kong SAR, China",East Asia,8.81,3,1,6.5,7.7,7.2,7.1,9.9,-,10.0,-,10.0,10.0,10.0,10.0,-,-,10,10.0,10.0,-,-,10,10.0,-,-,7.5,9.5,8.8,8.6,7.5,7.5,-,-,7.5,-,-,7.5,-,-,10,8,10.0,10.0,5.7,5.0,10,10,10,8.7,7,10,10,10,10,9.0,8.7,27,8.0,9.4,7,10,10,10.0,6.6,8.2,8.6,7.6,8.6,8.3,8.3,6.1,6.9,8.9,8,1.0,7.9,9.1,9.7,9.7,10,9.6,10,10,10,10,8.1,9.7,8.9,10.0,8.5,6.9,10,8.5,9.3,10,10.0,10,10.0,10.0,8,8.7,10,9.5,10,9.4,7.1,9.6,9.9,7.7,9.7,9.6,8.9,9.4,8.91,1
2017,HND,Honduras,Latin America & the Caribbean,6.81,84,3,3.1,4.1,2.4,3.2,0.0,10,10.0,7.5,9.9,10.0,9.5,10.0,-,-,10,10.0,6.5,10,10,10,10.0,-,-,10,8.8,7.4,8.7,7.5,7.5,-,-,7.5,-,-,10,-,-,10,8.5,0.0,10.0,4.0,1.8,10,10,10,6.5,0,10,10,10,10,6.7,6.47,102,7.3,10,8,9,9,9.0,9.9,8.8,3,3.1,4.9,4.2,3.3,2.9,7.6,3,2.2,1.0,3.7,8.0,9.2,9.2,10,9.1,9.5,8.9,6.9,8.4,5.2,4.5,4.8,10.0,5.9,2.3,8.6,5.6,7.2,10,9.6,9,9.5,0.0,4.5,5.8,8,2.5,10,5.1,2.8,4.4,9.2,3.2,9.4,7.5,6.1,6.9,7.16,63
2017,HTI,Haiti,Latin America & the Caribbean,6.71,91,3,-,-,-,3.4,6.2,10,10.0,5,10.0,10.0,9.0,10.0,-,-,7.5,8.8,8.0,10,10,2.5,7.5,-,-,10,8.9,6.3,8.4,10,10,-,-,10,-,-,10,-,-,10,10,10.0,10.0,4.3,5.8,10,7.5,10,8.2,0,10,10,10,10,6.7,6.93,82,9.1,9.9,7,8,-,8.0,8.5,8.5,2.2,2.5,2.7,0.0,2.5,3.9,2.8,3.4,3.6,0.9,2.5,7.9,8.3,7.1,5,7.1,-,8.2,5.8,7,4.9,7.3,6.1,10.0,4.2,6.2,10,6.8,7.5,8,7.5,9,8.2,6.7,4.7,6.3,10,10,10,7.9,2.7,0.2,4.7,2,9.3,7.9,4.5,6.9,6.49,110
2017,IRQ,Iraq,Middle East & North Africa,4.34,158,4,-,-,-,2.6,6.1,0,0.0,0,0.0,0.0,0.0,9.2,-,-,0,4.6,3.6,5,5,2.5,4.2,-,-,7.5,5.2,3.2,5.3,5,7.5,-,-,5,-,-,2.5,-,-,2.5,4.5,1.3,9.7,2.3,2.0,7.5,7.5,7.5,5.4,-,0,0,0,0,0.0,3.47,160,4.3,8.3,0,10,8,9.0,3.7,5.0,-,2.7,-,0.0,2.5,4.8,6.7,-,-,0.7,2.8,6.0,4.6,8.0,10,7.1,9.7,-,-,9.7,6.7,0.5,3.6,7.7,-,2.3,0,1.2,5.5,-,4.1,5,4.5,2.2,-,-,6,6.5,10,6.2,-,0.0,8.7,-,8.2,6.5,5.8,5.5,5.21,153
2017,DNK,Denmark,Western Europe,8.56,6,1,9.3,8.6,8.2,8.7,9.5,10,10.0,10,10.0,10.0,10.0,10.0,-,-,10,10.0,9.8,10,10,10,10.0,-,-,10,7.7,5.4,7.7,10,10,-,-,10,-,-,7.5,-,-,10,9.5,4.2,10.0,9.3,8.5,10,10,10,8.9,10,10,10,10,10,10.0,9.24,9,1.6,4.5,8,3,2,2.5,7,4.7,8.6,6.1,8.2,10.0,10,5.4,9.7,7.8,6.9,1.0,8.1,9.8,9.7,9.8,10,9.8,9,9,6.7,8.2,6.6,10,8.3,10.0,7.5,6.9,7.7,7.4,8.5,10,10.0,10,10.0,10.0,6.9,5.7,8,10,3,7.3,4.3,6.9,9.8,7.7,9.9,8.5,7.9,8.4,7.89,13
2017,DZA,Algeria,Middle East & North Africa,4.99,155,4,-,-,-,3.8,9.5,10,9.5,5,9.9,9.9,8.9,10.0,-,-,0,5.0,7.8,10,5,2.5,5.8,-,-,5,6.9,3,4.9,5,5,-,-,5,-,-,5,-,-,5,5,10.0,9.5,2.7,4.0,10,7.5,7.5,7.3,-,0,0,0,0,0.0,5.2,146,2.7,7.8,0,7,2,4.5,2.9,3.6,4.3,4.3,4.8,4.2,5,4.4,6.6,6.1,6.7,0.8,4.7,7.0,8.5,8.9,5,7.3,8.5,6.2,5.9,6.9,4.8,0.5,2.6,0.0,3.7,0,1.1,1.6,2.8,0,5.3,10,5.1,5.6,4.1,6,6,7.8,3,5.4,3.7,1.8,9.3,3.8,8.7,7.0,5.7,5.4,4.77,159
2017,CYP,Cyprus,Eastern Europe,7.93,36,1,-,-,-,6.6,9.8,10,10.0,7.5,10.0,10.0,9.5,10.0,-,-,10,10.0,9.8,10,10,2.5,7.5,-,-,7.5,8.6,5.4,7.2,10,10,-,-,7.5,-,-,7.5,-,-,7.5,8.5,10.0,10.0,8.7,7.5,10,10,10,9.5,10,10,10,10,5,8.3,8.18,39,6.4,5.9,8,7,7,7.0,7.3,6.9,6.2,4.5,6.2,8.3,8.3,4,6.4,6.3,6.9,0.9,6.1,8.0,9.5,9.9,10,9.4,9,9,6.7,8.2,6.4,9.3,7.9,10.0,6.3,6.9,7.7,7.0,8.3,10,10.0,10,10.0,5.6,4.8,6.1,10,10,1,6.2,4.7,8.9,9.7,4.7,5,8.6,6.9,7.7,7.68,28
2017,BOL,Bolivia,Latin America & the Caribbean,6.61,97,3,3.2,3.4,2.1,3.1,7.5,10,10.0,7.5,10.0,10.0,9.5,10.0,-,-,7.5,8.8,8.6,10,5,10,8.3,-,-,7.5,8.9,8.9,8.4,7.5,7.5,-,-,5,-,-,5,-,-,7.5,6.5,10.0,10.0,4.7,4.3,10,10,10,8.4,10,10,10,10,10,10.0,7.07,75,5.9,8.8,0,10,10,10.0,4.8,5.9,0.2,1.3,2.6,5.0,4.2,4.5,6.8,2.8,6,0.9,3.5,9.8,8.1,9.4,10,9.3,9.2,7.6,7.1,8,4.8,3,3.9,10.0,4,4.6,10,6.2,7.0,8,4.9,10,7.6,1.1,2,5.1,8,-,3,3.8,1.8,2.2,8.1,2.1,5.7,0.0,3.3,4.9,6.14,126
2017,BTN,Bhutan,South Asia,6.53,105,3,-,-,-,6.2,9.4,10,10.0,7.5,10.0,10.0,9.5,10.0,-,-,10,10.0,9.6,0,0,10,3.3,-,-,-,9.4,5.1,7.3,-,-,-,-,-,-,-,-,-,-,-,-,10.0,10.0,4.0,5.0,-,-,-,7.3,0,0,0,0,2.5,0.8,6.29,111,4.8,9.9,7,9,8,8.5,4.4,6.9,6.2,6.7,6.7,9.3,-,7.4,6.9,2.5,7.5,0.9,6.4,8.7,9.4,9.2,0,6.8,9.7,5.5,4.2,6.5,4.9,9.5,7.2,10.0,3.9,0,0.3,1.4,6.3,5,9.3,9,7.8,10.0,2,5.6,10,10,10,7.9,2.5,4.2,9.6,5.7,8.5,9.4,6.7,7.5,6.77,87
2017,BEN,Benin,Sub-Saharan Africa,6.77,85,3,-,-,-,4.2,9.6,10,10.0,7.5,10.0,10.0,9.5,9.1,-,-,5,7.1,8.7,5,10,2.5,5.8,-,-,10,8.6,9.6,9.4,10,10,-,-,10,-,-,7.5,-,-,10,9.5,10.0,10.0,5.7,7.3,10,10,10,9.0,-,10,10,10,7.5,8.8,7.47,62,7.5,9.8,7,4,3,3.5,7.5,7.1,3.4,4.2,4.9,6.4,-,1.1,6.6,5.8,5,0.8,4.2,7.2,9.6,10.0,0,6.7,5.8,7.6,7,6.8,4.7,5.2,4.9,10.0,5.2,0.8,1.8,2.6,6.1,10,5.5,5,6.8,7.8,5.2,7.7,8,7.6,1,6.2,3.8,4.2,9.7,2.8,9.5,7.0,6.2,6.4,6.08,129
2017,BLZ,Belize,Latin America & the Caribbean,6.95,68,2,4.8,4.7,3.3,4.3,0.0,10,10.0,-,10.0,10.0,10.0,10.0,-,-,10,10.0,6.7,10,10,2.5,7.5,-,-,-,9.6,8.5,9.1,-,-,-,-,-,-,-,-,-,-,-,-,10.0,10.0,7.3,6.8,-,-,-,8.5,-,10,10,10,10,10.0,7.12,74,6.1,8.4,4,9,-,9.0,-,6.9,8,3.9,7.4,6.4,-,3.3,7.3,-,4.8,0.8,5.2,9.5,9.5,9.8,0,7.2,7.1,7.7,4.3,6.3,4.3,5.8,5.0,10.0,7.8,0,6.3,4.7,6.5,10,9.8,10,9.9,7.8,5,8,8,6.5,10,7.5,3.7,4.7,8.3,6.7,8.8,8.4,6.8,8.1,6.78,85
2017,BEL,Belgium,Western Europe,8.29,23,1,8.7,7.3,7.2,7.8,9.3,10,10.0,10,9.9,10.0,10.0,10.0,-,-,10,10.0,9.8,10,10,10,10.0,-,-,10,8.3,6.1,8.1,10,10,-,-,10,-,-,10,-,-,10,10,10.0,10.0,9.0,9.3,10,10,10,9.8,7,10,10,10,10,9.0,9.07,14,2.5,2.1,10,2,0,1.0,8.7,4.9,7.8,5.4,7.9,10.0,8.3,5.6,4.8,7.6,6.3,1.0,7.1,8.5,9.8,9.6,10,9.5,9,9,6.7,8.2,5.9,10,7.9,10.0,7.9,3.8,7.7,6.5,8.2,8,9.6,10,9.2,8.9,3.7,5.6,6,10,10,7.4,3.5,8.7,9.8,6.5,7.5,8.5,7.4,8.0,7.51,40
2017,BLR,Belarus,Eastern Europe,6.65,92,3,3.9,5.9,5,5.1,8.6,10,10.0,5,10.0,10.0,9.0,10.0,-,-,10,10.0,9.2,10,5,10,8.3,-,-,2.5,8.5,4.5,5.2,2.5,2.5,-,-,2.5,-,-,2.5,-,-,2.5,2.5,10.0,10.0,0.7,2.5,7.5,5,5,5.8,7,10,10,10,10,9.0,6.66,91,5.6,5.5,10,10,5,7.5,2,6.1,-,4.1,-,5.0,5.8,7,9.9,-,-,0.7,5.3,8.4,7.6,8.8,5,7.4,8.3,8.6,6.7,7.9,6.2,9.7,7.9,10.0,-,0.8,1.8,1.3,6.8,2,10.0,10,7.3,10.0,-,-,10,7.8,1,7.2,-,6.0,9.7,-,8.3,7.9,8.0,7.5,6.64,99
2017,BRB,Barbados,Latin America & the Caribbean,7.02,66,2,7.7,6.5,5.9,6.7,5.8,10,10.0,-,10.0,10.0,10.0,10.0,-,-,10,10.0,8.6,10,10,2.5,7.5,-,-,-,9.4,7.5,8.5,-,-,-,-,-,-,-,-,-,-,-,-,10.0,10.0,9.0,7.5,-,-,-,9.1,-,0,0,0,10,5.0,7.59,57,7.7,5.9,6,7,3,5.0,6.7,6.3,6.4,6.7,6.5,8.9,-,3.8,6.6,-,4.9,0.9,5.9,6.4,9.1,9.1,0,6.2,7.9,7.9,5.6,7.1,-,5.3,5.3,10.0,6.8,0,9.4,5.4,7.0,8,0.9,10,6.3,8.9,-,-,8,5.7,10,8.1,-,6.7,9.4,4.4,5,7.3,6.5,7.0,6.45,112
2017,BGD,Bangladesh,South Asia,5.77,138,4,1.5,3.7,3.4,3.1,9.1,0,9.9,5,9.9,9.9,7.0,10.0,-,-,0,5.0,7.0,5,5,10,6.7,-,-,7.5,6.1,4.2,5.9,5,7.5,-,-,7.5,-,-,7.5,-,-,7.5,7,9.8,9.8,3.7,3.3,7.5,7.5,7.5,7.0,0,0,10,5,0,1.7,5.37,142,9.4,9.7,7,8,8,8.0,6.6,8.2,3.8,3.5,5.1,4.2,3.3,0.9,2.7,3.9,4.7,0.8,3.1,9.3,9.8,8.9,0,7.0,5.5,7.2,6.2,6.3,6.3,0,3.1,10.0,5.5,0,7.6,4.4,6.0,5,8.7,10,7.9,10.0,5.2,6.5,10,1.4,10,7.2,3.9,2.4,9.2,2.5,6.6,5.1,5.0,6.7,6.18,123
2017,BHR,Bahrain,Middle East & North Africa,6.63,95,3,-,-,-,5.9,9.8,10,10.0,2.5,8.7,6.5,7.5,10.0,-,-,0,5.0,7.4,10,0,2.5,4.2,-,-,10,8.4,4,7.5,5,0,-,-,0,-,-,10,-,-,10,5,10.0,0.0,0.7,0.8,7.5,7.5,2.5,4.1,-,10,10,10,0,5.0,5.91,126,5.0,8,10,10,10,10.0,1.8,7.0,6.8,6.2,7.4,5.0,7.5,4.8,8.9,7.8,7.3,0.5,5.2,10.0,7.8,9.7,10,9.4,9.5,9,6.4,8.3,6.7,6.4,6.6,10.0,7.5,6.2,0.8,4.8,7.4,10,2.8,10,7.6,8.3,5.7,7.7,8,7,10,7.8,6.1,8.0,9.7,6.6,8.1,9.7,8.0,7.8,7.35,50
2017,BHS,Bahamas,Latin America & the Caribbean,7.56,48,2,6.9,6,6.3,6.4,0.0,10,10.0,-,10.0,10.0,10.0,10.0,-,-,10,10.0,6.7,10,10,10,10.0,-,-,-,9.4,6.4,7.9,-,-,-,-,-,-,-,-,-,-,-,-,10.0,10.0,8.3,7.3,-,-,-,8.9,-,10,10,10,10,10.0,7.87,48,7.0,8.3,7,10,10,10.0,-,8.1,-,5.9,-,10.0,6.7,4.6,6.3,-,-,1.0,6.5,8.9,9.0,9.7,0,6.9,4.8,3.4,1.9,3.3,6.7,8.1,7.4,10.0,-,0.8,10,5.4,6.5,10,5.9,10,8.6,8.9,-,-,8,6.5,10,8.4,-,5.8,9.2,-,8,7.8,7.7,8.2,7.25,58
2017,AZE,Azerbaijan,Caucasus & Central Asia,6.22,121,3,-,-,-,4.3,9.2,10,8.8,7.5,9.8,10.0,9.2,10.0,-,-,10,10.0,9.5,10,5,10,8.3,-,-,2.5,8.4,5.5,5.5,2.5,5,-,-,2.5,-,-,2.5,-,-,2.5,3,10.0,0.0,0.3,0.3,10,0,7.5,4.0,0,10,10,10,7.5,5.8,6.1,119,6.9,7.9,0,9,4,6.5,2.9,4.8,5.7,5.9,6.3,5.0,5.8,7.3,9.9,6.2,7.3,0.7,5.5,9.2,5.8,7.4,5,6.8,9,8.2,6.7,8,6,8.2,7.1,10.0,6.2,4.6,1.4,4.1,7.3,5,10.0,9,8.0,8.3,6.1,7.2,6,8.5,1,6.2,6.1,6.2,9.9,5.4,9,8.2,7.5,7.2,6.34,116
2017,AUT,Austria,Western Europe,8.48,13,1,9,7.9,7.7,8.2,9.7,10,10.0,10,9.9,10.0,10.0,10.0,-,-,10,10.0,9.9,10,10,10,10.0,-,-,10,8.1,5.6,7.9,10,10,-,-,10,-,-,10,-,-,10,10,10.0,10.0,7.3,8.0,10,10,10,9.3,10,10,10,10,10,10.0,9.25,8,3.8,3.4,10,4,3,3.5,7.6,5.7,7.7,5.6,8.2,10.0,10,6.2,8.1,8.5,7.2,1.0,7.9,8.2,9.9,9.6,10,9.4,9,9,6.7,8.2,6.5,10,8.2,10.0,6.9,3.1,7.7,5.9,8.1,8,9.7,10,9.2,8.9,3.6,2.2,6,10,3,5.6,4.2,9.3,9.2,6.4,7.3,8.5,7.5,7.5,7.71,26
2017,AUS,Australia,Oceania,8.62,5,1,8.4,7.5,7.4,7.8,9.7,10,10.0,10,9.9,9.8,10.0,10.0,-,-,10,10.0,9.9,10,10,10,10.0,-,-,10,8.3,8.9,9.1,10,10,-,-,10,-,-,10,-,-,10,10,10.0,10.0,8.0,7.8,10,10,10,9.4,7,10,10,10,10,9.0,9.16,12,4.5,6.8,10,6,5,5.5,7.9,7.0,8.7,5.7,8.2,10.0,9.2,6,8.2,8.6,6.8,1.0,7.9,9.0,9.3,9.6,10,9.5,8.7,9.5,8.3,8.8,6.7,8.4,7.5,10.0,6.9,4.6,0.1,3.9,7.6,10,8.9,10,9.6,8.9,3.8,5.7,10,7.9,10,7.7,3.8,9.6,9.9,7.2,8.9,8.8,8.0,8.5,8.07,9
2017,ARM,Armenia,Caucasus & Central Asia,7.42,54,2,-,-,-,4.9,9.0,10,10.0,7.5,10.0,10.0,9.5,10.0,-,-,7.5,8.8,9.1,10,5,10,8.3,-,-,5,8.6,5.1,6.2,7.5,7.5,-,-,5,-,-,5,-,-,7.5,6.5,10.0,10.0,3.3,4.3,7.5,7.5,7.5,7.2,7,10,10,10,7.5,8.2,7.15,72,7.2,7.3,8,5,5,5.0,9.5,7.4,4,4.2,5.8,5.8,5,5.2,9.8,5.8,7,1.0,5.9,8.6,9.5,9.8,10,9.5,9,8.8,8.1,8.6,5.7,9,7.4,10.0,5.1,5.4,10,6.8,8.2,10,7.8,10,9.3,6.7,5.7,6.8,10,9.3,0,6.4,4.6,6.2,9.9,4.6,9.3,7.1,6.9,7.5,7.7,27
2017,ARG,Argentina,Latin America & the Caribbean,6.86,77,2,7.1,5.8,4.3,5.7,8.0,5,10.0,7.5,10.0,10.0,8.5,10.0,-,-,10,10.0,8.8,10,10,10,10.0,-,-,7.5,9,6.9,7.8,7.5,10,-,-,5,-,-,7.5,-,-,7.5,7.5,10.0,10.0,5.7,5.5,10,10,10,8.7,10,10,10,10,10,10.0,8.04,41,5.4,6.3,6,7,1,4.0,6.9,5.7,3.6,3.0,4.4,7.5,3.3,3.6,6.9,3.7,4.1,0.8,4.0,5.0,6.0,4.9,10,6.5,6.7,7.3,5.9,6.6,4.6,5.2,4.9,10.0,5.4,0.8,8,4.7,6.5,5,4.3,9,6.1,2.8,2.2,3.3,10,2.5,10,5.1,2.5,7.1,9.6,3.3,5.4,6.5,5.7,5.6,5.67,147
2017,AGO,Angola,Sub-Saharan Africa,5.4,151,4,-,-,-,3.4,8.1,10,9.7,7.5,9.9,7.2,8.9,10.0,-,-,5,7.5,8.1,5,5,10,6.7,-,-,10,8.9,7.5,8.8,2.5,2.5,-,-,2.5,-,-,5,-,-,7.5,4,10.0,10.0,2.7,2.5,7.5,5,7.5,6.5,10,0,0,0,5,5.0,5.98,121,6.3,8.9,6,10,9,9.5,3.1,6.8,1.4,1.7,3.3,3.3,4.2,2.3,5.5,3.4,4.3,0.8,3.0,9.4,4.2,3.7,5,5.6,9.2,7.7,4.3,7.1,4.9,2.5,3.7,0.0,2.9,3.1,0.1,2.0,3.2,5,9.2,6,6.7,10.0,4.4,7.2,4,6.6,0,5.4,2.4,1.3,8.7,1.9,8.1,6.8,4.9,5.7,4.83,158
2017,KOR,South_Korea,East Asia,8.2,27,1,7.9,7.4,7,7.4,9.8,10,10.0,7.5,10.0,10.0,9.5,10.0,-,-,10,10.0,9.8,10,5,10,8.3,-,-,10,9.1,8.9,9.4,10,10,-,-,7.5,-,-,10,-,-,10,9.5,10.0,10.0,6.3,6.5,10,10,10,9.0,7,10,10,10,10,9.0,8.81,22,4.7,7.1,10,7,5,6.0,7.4,7.0,4.8,4.5,6.7,6.7,8.3,7.5,8.2,7.3,6.3,0.9,6.5,9.1,9.7,9.6,10,9.6,9.6,7.3,0,5.6,5.5,9.6,7.6,10.0,5.5,6.2,10,7.2,7.6,8,10.0,10,9.3,5.6,4.3,6.6,10,2.5,0,4.8,3.7,9.8,9.7,4.6,10,7.9,7.6,7.3,7.59,33
2017,BIH,Bosnia_and_Herzegovina,Eastern Europe,7.37,55,2,5.5,5,5.1,5.5,9.5,10,10.0,5,10.0,10.0,9.0,10.0,-,-,7.5,8.8,9.1,10,5,10,8.3,-,-,10,8.4,7.1,8.5,10,7.5,-,-,10,-,-,10,-,-,10,9.5,10.0,10.0,6.3,4.3,10,10,10,8.7,7,10,10,10,10,9.0,8.04,42,5.7,5.6,4,10,3,6.5,6.3,5.6,2.7,2.0,3.7,5.3,-,3.8,7.8,4.3,5.2,0.9,4.2,8.8,9.7,9.8,5,8.3,10,8.7,6.8,8.5,5.2,9.6,7.4,10.0,4.7,3.1,8.5,5.4,7.8,10,10.0,10,10.0,5.6,3.7,7.4,10,7.5,10,7.3,2.2,5.1,7.2,3.1,7.7,5.4,5.1,7.5,6.69,92
2017,CZE,Czech_Republic,Eastern Europe,8.34,21,1,7.6,7.2,7.4,7.8,9.8,10,10.0,10,10.0,10.0,10.0,10.0,-,-,10,10.0,9.9,10,10,10,10.0,-,-,7.5,8.5,7.3,7.8,10,7.5,-,-,10,-,-,10,-,-,10,9.5,10.0,10.0,8.7,8.0,10,10,10,9.5,7,10,10,10,7.5,8.2,8.92,18,3.3,5.2,10,9,4,6.5,8.3,6.7,5.9,3.3,6.1,10.0,8.3,3.3,8.2,6.4,7.5,1.0,6.4,7.8,9.8,9.5,10,9.3,9,9,6.7,8.2,6.8,10,8.4,10.0,7.9,3.1,7.7,6.3,8.2,10,10.0,10,10.0,8.9,3.9,8,10,7.8,10,8.1,2.8,8.0,9.2,4.4,6.9,7.4,6.5,8.2,7.75,22
2017,BWA,Botswana,Sub-Saharan Africa,7.17,60,2,3.3,6.1,5.5,5.6,4.0,10,10.0,10,10.0,10.0,10.0,10.0,-,-,7.5,8.8,7.6,10,10,2.5,7.5,-,-,-,9.8,8.2,9,-,-,-,-,-,-,-,-,-,-,-,-,10.0,10.0,6.0,5.3,-,-,-,7.8,10,0,0,0,5,5.0,6.97,81,3.7,8.8,7,9,9,9.0,3.3,6.4,5.4,5.3,6.8,8.3,5.8,3.1,7.8,6.1,5.6,1.0,5.9,9.4,8.3,9.3,10,9.3,1,8.5,5.6,5,5.5,9.4,7.5,10.0,6.4,5.4,10,7.3,7.4,8,9.6,10,9.2,10.0,4.8,6.4,10,3.8,10,7.5,4.2,6.7,8.5,4.8,9.3,8.7,7.0,7.9,7.37,49
2017,BRN,Brunei_Darussalam,South Asia,5.69,140,4,-,-,-,6.2,9.8,10,10.0,-,10.0,10.0,10.0,10.0,-,-,0,5.0,8.3,10,0,2.5,4.2,-,-,0,-,-,0,0,0,-,-,0,-,-,2.5,-,-,2.5,1,10.0,10.0,0.7,3.8,2.5,2.5,2.5,4.6,0,0,10,5,0,1.7,4.76,154,0.0,-,0,10,10,10.0,-,3.3,5,3.4,5.5,8.3,8.3,4.2,4.8,6.7,7.2,0.8,5.3,9.5,5.6,10.0,10,8.8,-,10,9.3,9.6,5.3,2.3,3.8,10.0,5.1,6.2,4.3,5.2,7.2,-,8.3,10,9.1,10.0,4.7,7.5,10,10,10,8.7,3.8,8.0,9.8,5.8,9.6,9.4,7.7,8.5,6.62,100
2017,HRV,Croatia,Eastern Europe,7.86,37,1,5.5,5.7,5.1,5.7,9.6,10,10.0,10,10.0,10.0,10.0,10.0,-,-,10,10.0,9.9,10,10,10,10.0,-,-,7.5,9.1,7.6,8.1,10,10,-,-,7.5,-,-,7.5,-,-,10,9,10.0,10.0,7.0,5.8,10,10,7.5,8.6,10,10,10,10,10,10.0,8.45,34,4.3,4.3,10,5,1,3.0,7,5.7,2.9,1.7,4.3,8.3,7.5,4.6,7.8,5.9,7.2,1.0,5.6,8.7,9.8,9.8,10,9.6,9.9,9,6.7,8.5,6.7,10,8.3,10.0,5.4,4.6,7.6,5.9,8.2,8,10.0,10,9.3,5.6,2.6,6.5,6,7.5,10,6.4,1.4,6.9,9.2,3.3,8.5,7.7,6.2,7.3,7.26,56
2017,CIV,Cote_dIvoire,Sub-Saharan Africa,6.59,101,3,2.6,5.2,3.9,4.0,5.3,10,10.0,5,10.0,10.0,9.0,6.3,-,-,7.5,6.9,7.1,5,5,10,6.7,-,-,10,9.4,8.9,9.4,10,7.5,-,-,10,-,-,10,-,-,10,9.5,10.0,10.0,5.3,5.3,10,10,10,8.7,-,10,10,10,10,10.0,7.2,67,6.5,9.4,4,3,1,2.0,7.8,5.9,2.4,4.2,4.8,4.2,4.2,4,7.1,3.9,4.6,0.9,4.2,9.3,9.3,9.9,0,7.1,5.1,7.6,7,6.6,6,1.8,3.9,10.0,6.4,0.8,2.4,3.2,5.9,10,8.1,5,7.7,5.6,5.1,7.5,8,7.6,3,6.1,3.6,3.8,9.8,4,8.3,7.7,6.2,6.7,5.97,134
2017,CRI,Costa_Rica,Latin America & the Caribbean,7.7,43,2,8.1,6.3,5.6,6.6,5.1,10,10.0,10,10.0,10.0,10.0,10.0,-,-,5,7.5,7.5,10,10,10,10.0,-,-,10,9.4,4.8,8.1,10,10,-,-,10,-,-,7.5,-,-,10,9.5,10.0,10.0,8.7,8.5,10,10,10,9.6,7,10,10,10,5,7.3,7.99,47,5.5,8.5,8,9,4,6.5,6.7,7.0,6.9,4.4,6.5,10.0,4.2,3.5,8.7,6.1,5.4,0.9,5.8,9.8,9.5,9.7,10,9.8,8.6,8.9,6.4,8,4.9,7.5,6.2,10.0,6.9,6.9,9.3,7.7,8.0,5,6.4,9,6.8,2.2,4.7,6.3,8,5.7,10,6.1,2.6,5.1,9.2,4.7,8.7,8.3,6.4,6.5,7.41,46
2017,COG,Congo,Sub-Saharan Africa,5.8,137,4,-,-,-,3.4,6.3,5,10.0,5,10.0,10.0,8.0,10.0,-,-,7.5,8.8,7.7,10,0,2.5,4.2,-,-,10,9.5,8.5,9.4,10,2.5,-,-,10,-,-,10,-,-,10,8.5,10.0,8.1,1.7,2.0,10,7.5,7.5,6.7,-,10,10,10,7.5,8.8,6.52,100,4.7,9.9,4,5,3,4.0,5.4,5.6,3.1,3.6,-,5.0,3.3,3,4.4,-,-,0.7,3.1,7.6,5.5,9.9,0,5.7,9.3,7.6,7,8,4,0,2.0,10.0,-,1.5,1.5,1.5,5.4,0,7.9,10,6.0,1.1,-,-,4,7.5,10,5.7,-,1.1,7.6,-,8.2,3.3,5.1,5.6,5.08,154
2017,COD,Democratic_Republic_of_the_Congo,Sub-Saharan Africa,5.36,152,4,-,-,-,2.5,4.6,5,3.0,2.5,7.6,9.5,5.5,10.0,-,-,7.5,8.8,6.3,5,5,10,6.7,-,-,-,7.9,9.1,8.5,-,-,-,-,-,-,-,-,-,-,-,-,10.0,9.4,4.3,3.8,-,-,-,6.9,-,10,10,10,2.5,6.3,5.73,133,9.8,8.9,8,5,3,4.0,4,6.9,2.3,3.0,3.7,2.5,1.7,1,5.9,3.6,5.7,0.9,3.1,8.1,2.7,1.7,5,4.4,7.8,7.8,7.6,7.8,4.4,0,2.2,10.0,5.7,0.8,0.3,2.3,5.6,0,10.0,3,4.3,1.7,5,6.6,8,10,3,5.7,3.3,0.0,9.5,2.8,8.9,6.1,5.1,5.0,5.0,157
2017,COL,Colombia,Latin America & the Caribbean,6.93,71,2,5,4.9,3.4,4.4,0.0,0,10.0,2.5,9.4,9.5,6.3,10.0,-,-,10,10.0,5.4,10,10,10,10.0,-,-,10,8.2,8,8.7,10,10,-,-,10,-,-,10,-,-,10,10,9.3,10.0,5.7,3.5,10,10,10,8.4,10,10,10,10,10,10.0,7.18,69,6.5,8,10,7,2,4.5,7.2,7.2,3.1,2.8,4.9,4.2,3.3,2.2,9.1,4,3.2,0.9,3.9,9.4,9.2,9.1,5,8.2,9.1,8.9,6.4,8.1,4.9,3.6,4.3,8.8,5.5,1.5,9.6,5.6,6.7,10,9.7,10,9.9,8.9,3.9,6.3,10,4.8,1,5.8,2.7,6.7,9.5,2.9,8.8,7.1,6.3,7.3,6.68,94
2017,CHN,China,East Asia,6.17,126,4,4,5.4,4.8,4.7,9.8,5,10.0,5,10.0,10.0,8.0,10.0,-,-,10,10.0,9.3,5,0,10,5.0,-,-,0,7.5,3.5,3.7,2.5,2.5,-,-,0,-,-,0,-,-,2.5,1.5,10.0,9.7,0.0,1.5,7.5,2.5,5,5.2,7,10,10,10,10,9.0,5.92,124,3.8,8.3,2,6,6,6.0,3.2,4.7,5.8,5.2,6,5.0,5.8,5.7,8.3,6,6.3,0.9,5.6,10.0,9.3,9.7,5,8.5,9.4,8,6.9,8.1,5.8,8.2,7.0,10.0,5.9,0,0.6,2.1,6.8,2,9.4,10,7.1,8.9,5.8,6,10,2.5,0,5.5,5.6,3.8,9.7,5.8,8.4,8.4,7.0,6.5,6.42,113
2017,CHL,Chile,Latin America & the Caribbean,8.15,28,1,7.7,6.3,5.6,6.5,8.3,10,10.0,10,10.0,10.0,10.0,10.0,-,-,10,10.0,9.4,10,10,10,10.0,-,-,10,9.1,8.7,9.3,10,10,-,-,10,-,-,10,-,-,10,10,10.0,10.0,7.3,6.8,10,10,10,9.2,0,10,10,10,7.5,5.8,8.41,36,6.4,8.5,10,7,7,7.0,9,8.2,6.5,4.7,7,7.5,7.5,5.3,9.1,8,5.2,0.9,6.4,9.1,9.5,9.6,10,9.5,9.8,9.8,9.8,9.8,7.2,6.8,7.0,10.0,7.6,3.1,9.1,6.6,8.3,8,8.8,9,8.6,6.7,3.4,8.3,10,2.5,1,5.3,3.9,7.8,9.7,6,7.7,6.7,7.0,7.0,7.89,13
2017,TCD,Chad,Sub-Saharan Africa,5.46,147,4,-,-,-,3.1,6.4,5,8.7,2.5,8.6,10.0,7.0,6.2,-,-,5,5.6,6.3,5,5,10,6.7,-,-,7.5,9.2,7.8,8.2,5,5,-,-,7.5,-,-,7.5,-,-,7.5,6.5,10.0,10.0,2.7,2.5,10,7.5,10,7.5,-,0,0,0,5,2.5,5.49,139,10.0,9.9,8,1,1,1.0,8.2,7.4,1.8,2.8,3.3,2.7,-,2.2,6.5,2.9,3.2,0.7,2.7,8.8,8.7,9.8,0,6.8,-,6.4,6.2,6.3,3.7,0.8,2.2,10.0,3.5,1.5,1.4,2.1,5.2,2,5.9,10,6.0,5.0,4.2,6.1,6,7.9,3,5.4,3.4,0.9,6.2,2.1,7.2,1.4,3.5,5.0,5.42,150
2017,CAF,Central_African_Republic,Sub-Saharan Africa,5.41,150,4,-,-,-,2.4,2.1,10,10.0,0,0.0,0.0,4.0,7.6,-,-,7.5,7.6,4.5,0,5,10,5.0,-,-,10,7.1,7.8,8.3,7.5,10,-,-,7.5,-,-,7.5,-,-,10,8.5,10.0,10.0,3.0,3.0,10,10,10,8.0,-,10,10,10,7.5,8.8,5.59,137,9.4,9.6,4,3,-,3.0,6.5,6.5,5.3,2.5,4.8,1.2,-,0.5,5,-,-,0.7,2.7,8.4,9.0,9.2,0,6.7,0.9,6.4,6.2,4.5,3.3,2.3,2.8,10.0,-,1.5,1.4,1.5,4.7,5,9.6,10,8.2,0.0,-,-,6,7,0,3.3,-,1.1,7.7,-,7.3,4.6,5.2,5.5,5.23,151
2017,CPV,Cape_Verde,Sub-Saharan Africa,7.45,52,2,-,-,-,5.8,5.4,10,10.0,-,10.0,10.0,10.0,10.0,-,-,10,10.0,8.5,10,10,10,10.0,-,-,-,9.8,6.4,8.1,-,-,-,-,-,-,-,-,-,-,-,-,10.0,10.0,8.0,7.8,-,-,-,8.9,-,10,10,10,2.5,6.3,7.74,50,5.6,9.4,7,8,4,6.0,7.9,7.2,5.3,3.8,5.2,8.7,-,6.1,8.8,5.4,5,1.0,6.0,8.8,9.7,9.8,5,8.3,7.3,8,4.8,6.7,4.9,6.7,5.8,10.0,6,2.7,10,6.2,7.2,10,8.6,10,9.5,3.9,4.5,6.9,8,5.1,1,4.9,4.6,5.6,9.3,4.4,9.2,8.0,6.8,7.1,7.16,63
2017,CAN,Canada,North America,8.65,4,1,8.6,7.2,7.4,7.7,9.3,10,10.0,10,9.9,9.9,10.0,10.0,-,-,10,10.0,9.7,10,10,10,10.0,-,-,10,8.4,8.6,9,10,10,-,-,10,-,-,10,-,-,10,10,10.0,10.0,8.3,8.3,10,10,10,9.5,10,10,10,10,10,10.0,9.22,11,4.0,7.1,8,5,5,5.0,8.3,6.5,8.7,6.1,8.4,10.0,9.2,3.6,9,8.8,6.9,1.0,7.8,9.0,9.5,9.7,10,9.6,9.7,9.2,2.1,7,5.9,9.9,7.9,10.0,7,7.7,5.5,6.7,7.9,10,9.9,10,10.0,8.9,6.2,7.4,8,8.3,10,8.1,4.6,9.8,9.9,6.8,6.9,8.5,7.7,8.6,8.08,8
2017,CMR,Cameroon,Sub-Saharan Africa,5.64,143,4,2.3,3.7,2.8,3.0,9.4,5,9.1,2.5,6.8,8.0,6.3,9.9,-,-,7.5,8.7,8.1,0,5,2.5,2.5,-,-,7.5,8.5,7.7,7.9,7.5,2.5,-,-,5,-,-,5,-,-,7.5,5.5,10.0,7.9,2.7,4.3,7.5,7.5,7.5,6.8,-,0,0,0,7.5,3.8,5.43,141,7.7,9.6,7,5,4,4.5,5.9,6.9,3.4,4.1,5.2,5.0,3.3,2.2,3.5,5.3,4.3,0.6,3.2,9.9,9.5,9.9,0,7.3,3.8,6.4,6.3,5.5,5.1,0,2.5,10.0,5.7,1.5,0.6,2.6,5.2,5,6.5,10,7.2,7.2,4.9,6.8,8,7,10,7.3,4.1,3.3,9.3,2.9,8.7,3.0,5.2,6.6,5.84,140
2017,KHM,Cambodia,South Asia,7.13,63,2,1.9,2,2.7,2.6,9.3,5,10.0,7.5,10.0,10.0,8.5,10.0,-,-,7.5,8.8,8.8,10,5,7.5,7.5,-,-,10,8.6,6.2,8.3,10,7.5,-,-,5,-,-,5,-,-,10,7.5,10.0,8.8,2.0,3.3,10,10,10,7.7,-,10,10,10,7.5,8.8,6.82,86,9.8,9.6,8,10,10,10.0,8,9.1,2.6,3.2,4.9,6.8,-,1.8,7.5,3.5,5.1,1.0,4.4,8.3,9.6,9.4,10,9.3,8.7,7.8,6.4,7.6,5.3,4,4.6,10.0,5.8,5.4,10,7.1,7.3,-,10.0,9,9.5,6.7,5.3,5.8,10,6.3,5,6.5,4.2,4.2,6.1,3.2,5,8.1,5.1,7.0,7.44,43
2017,BDI,Burundi,Sub-Saharan Africa,5.56,145,4,-,-,-,2.9,7.6,0,10.0,2.5,9.4,7.7,5.9,10.0,-,-,-,10.0,7.8,5,5,10,6.7,-,-,5,9.3,8.1,7.5,0,0,-,-,2.5,-,-,2.5,-,-,2.5,1.5,10.0,10.0,1.7,0.8,0,0,0,3.2,-,0,0,0,7.5,3.8,4.95,150,7.5,10,7,8,5,6.5,3.6,6.9,2.1,3.0,3.4,1.1,-,2.8,8.5,3.4,4.7,1.0,3.5,7.7,8.5,6.8,10,8.2,8.1,7.4,5.1,6.9,3.7,1.1,2.4,9.1,3.9,1.5,10,5.1,5.9,5,0.0,10,5.0,10.0,3.7,7.4,8,7.8,10,7.8,3.4,2.4,9.8,3.3,9.8,7.4,6.0,6.3,6.17,124
2017,BFA,Burkina_Faso,Sub-Saharan Africa,6.73,90,3,5.1,4.9,4.5,4.9,9.5,10,10.0,7.5,9.1,9.5,9.2,2.4,-,-,7.5,5.0,7.9,10,10,10,10.0,-,-,7.5,8.1,8.4,8,7.5,7.5,-,-,7.5,-,-,7.5,-,-,7.5,7.5,10.0,10.0,4.7,7.0,7.5,7.5,7.5,7.7,-,10,10,10,7.5,8.8,7.39,63,2.5,9.6,2,9,4,6.5,8.1,5.7,4.3,4.6,5.1,3.3,5.8,2.1,4.8,6,4.7,0.9,4.3,9.5,8.5,9.9,0,7.0,6.5,7.6,7,7,5.3,3.6,4.4,10.0,5.6,0.8,7.2,4.5,6.5,10,8.0,5,7.7,6.7,4.5,6.4,6,7.9,10,6.9,3.7,4.2,9.1,3.1,8.9,7.0,6.0,6.9,6.07,130
2017,BGR,Bulgaria,Eastern Europe,7.79,39,1,5,5.6,4.1,4.9,9.4,10,10.0,10,10.0,10.0,10.0,10.0,-,-,10,10.0,9.8,10,10,10,10.0,-,-,7.5,8.1,5.8,7.1,10,10,-,-,7.5,-,-,10,-,-,10,9.5,10.0,10.0,6.0,5.8,10,10,10,8.8,7,10,10,10,7.5,8.2,8.04,44,5.7,5.8,8,10,7,8.5,7.6,7.1,3.5,3.4,4.3,8.3,5,5.1,8.7,4.4,4.9,1.0,5.3,8.8,9.3,9.6,10,9.4,9,9,6.7,8.2,5.4,9.8,7.6,10.0,5.3,6.9,7.6,6.6,8.1,10,10.0,10,10.0,5.6,4.6,6.9,6,9.3,10,7.1,4,6.0,9.3,3.5,9.3,4.9,6.2,7.7,7.54,37
2017,BRA,Brazil,Latin America & the Caribbean,6.48,109,3,5,5.3,3.7,4.7,0.0,10,10.0,10,10.0,10.0,10.0,10.0,-,-,10,10.0,6.7,10,10,10,10.0,-,-,5,8.2,9.1,7.4,10,10,-,-,2.5,-,-,2.5,-,-,7.5,6.5,9.8,10.0,5.3,4.5,10,10,10,8.5,0,10,10,10,10,6.7,6.74,88,4.7,5.2,4,8,4,6.0,8.4,5.7,4.8,2.9,5.3,6.7,3.3,3.6,8.2,4.2,2.8,1.0,4.5,9.1,9.2,9.3,10,9.4,8.6,7.3,6.1,7.4,4,7.9,5.9,10.0,5.2,2.3,8.2,5.2,7.1,5,4.9,5,5.0,2.2,1.7,5.2,6,7.1,3,4.2,1.1,6.0,9.3,2.9,5,0.0,4.0,4.4,6.23,120
2017,KWT,Kuwait,Middle East & North Africa,6.19,124,4,-,-,-,5.3,9.3,10,10.0,7.5,10.0,10.0,9.5,10.0,-,-,0,5.0,7.9,10,5,5,6.7,-,-,2.5,8.1,3.4,4.6,7.5,7.5,-,-,0,-,-,2.5,-,-,2.5,4,10.0,10.0,3.0,4.3,10,7.5,7.5,7.5,-,0,10,5,2.5,3.8,5.97,123,1.0,6.9,4,10,10,10.0,4.2,5.2,6,5.1,6,8.3,6.7,5.1,9.2,6.7,6.7,0.5,5.0,9.5,4.3,9.6,10,8.4,9.4,9.1,7.7,8.7,5.3,3.6,4.4,10.0,3.1,2.3,6.2,3.9,6.8,10,10.0,7,9.0,10.0,4.9,6.3,4,4.4,3,5.4,4,1.6,8.8,4,7.1,8.9,5.7,6.7,6.41,114
2017,POL,Poland,Eastern Europe,7.78,40,1,6.6,6.4,6.2,6.4,9.7,10,10.0,7.5,10.0,10.0,9.5,10.0,-,-,10,10.0,9.7,10,10,10,10.0,-,-,5,8.2,5.9,6.3,10,10,-,-,10,-,-,7.5,-,-,7.5,9,10.0,10.0,6.3,6.5,7.5,10,10,8.6,7,10,10,10,10,9.0,8.32,37,4.9,5.4,7,7,1,4.0,6.9,5.6,3.3,2.9,5,10.0,5.8,4.1,9.3,5.1,6.4,1.0,5.8,9.5,9.7,9.6,10,9.7,9,9,6.7,8.2,5.8,10,7.9,10.0,6.3,2.3,7.7,5.4,7.9,5,8.5,10,7.8,5.6,3.9,7.5,8,7.8,10,7.1,3,8.7,8.7,4.7,8.4,6.3,6.6,7.2,7.24,59
2017,LAO,Laos,South Asia,6.2,123,4,-,-,-,3.8,7.2,10,10.0,7.5,10.0,10.0,9.5,10.0,-,-,7.5,8.8,8.5,5,0,10,5.0,-,-,7.5,8.2,4.5,6.7,0,0,-,-,0,-,-,0,-,-,2.5,0.5,10.0,10.0,1.3,1.5,7.5,2.5,7.5,5.8,-,10,10,10,7.5,8.8,5.74,132,6.9,9.9,4,9,9,9.0,1.6,6.3,4.7,4.5,4.8,7.5,-,3.1,8.5,5.3,6.4,1.0,5.6,6.1,8.6,9.8,5,7.4,9,8.3,7.3,8.2,5.4,7.4,6.4,10.0,5.1,1.5,10,5.5,7.5,-,8.3,10,9.1,5.6,4.6,6.7,10,1,1,4.8,4.7,2.4,6.6,4.8,9.4,5.9,5.7,6.5,6.67,95
2017,CHE,Switzerland,Western Europe,8.82,2,1,-,-,-,8.3,9.8,10,10.0,10,10.0,10.0,10.0,10.0,-,-,10,10.0,9.9,10,10,10,10.0,-,-,10,7.7,6.9,8.2,10,10,-,-,10,-,-,10,-,-,10,10,10.0,10.0,8.7,9.0,10,10,10,9.7,7,10,10,10,10,9.0,9.24,10,6.4,6,10,8,6,7.0,8.6,7.6,9.1,7.7,9.2,10.0,8.3,4.5,9.6,9.2,7.9,1.0,8.4,9.9,9.9,9.9,10,9.9,9.9,8.7,0,6.2,6.2,9.9,8.1,10.0,7.8,3.1,7.7,6.2,7.6,8,10.0,10,9.3,10.0,7.8,8.4,6,10,5,7.9,6.2,8.0,9.6,8,8.4,9.3,8.3,8.5,8.4,4
2017,SWE,Sweden,Western Europe,8.5,11,1,9.5,8.1,8,8.5,9.6,10,10.0,10,9.8,9.4,9.8,10.0,-,-,10,10.0,9.8,10,10,10,10.0,-,-,10,8.4,8.3,8.9,10,10,-,-,10,-,-,10,-,-,10,10,10.0,10.0,9.3,8.8,10,10,10,9.7,10,10,10,10,10,10.0,9.45,1,0.8,4.8,8,2,0,1.0,8.1,4.5,8.2,6.7,8.1,9.2,10,5,8.5,7.2,7,1.0,7.7,7.7,9.8,9.6,10,9.3,9,9,6.7,8.2,6.8,9.9,8.4,10.0,7.6,3.1,7.7,6.1,8.2,10,10.0,8,9.3,6.7,4.4,4.5,6,10,10,6.9,5.3,6.7,9.7,7.8,9,8.6,7.9,8.0,7.56,35
2017,SUR,Suriname,Latin America & the Caribbean,7.48,51,2,4.6,5,5.2,4.9,7.8,10,10.0,-,10.0,10.0,10.0,10.0,-,-,-,10.0,9.3,10,10,-,10.0,-,-,-,9.7,9.3,9.5,-,-,-,-,-,-,-,-,-,-,-,-,10.0,10.0,7.3,6.8,-,-,-,8.5,-,10,10,10,-,10.0,8.3,38,3.9,8.6,10,5,5,5.0,4.4,6.4,4.2,5.3,5.6,5.0,5,2.7,4.6,3.2,7.1,1.0,4.7,8.8,4.5,5.6,10,7.2,8.4,7.9,6.1,7.5,6.7,6.8,6.8,10.0,6.6,0,7.3,4.6,7.2,8,9.0,9,8.7,8.9,-,-,10,7,10,9.0,-,1.3,6.9,4.5,7.3,7.8,5.6,7.7,6.65,98
2017,SDN,Sudan,Sub-Saharan Africa,4.32,159,4,-,-,-,3.4,7.9,0,8.9,2.5,9.3,9.1,6.0,1.3,-,-,0,0.7,4.9,10,0,0,3.3,-,-,7.5,8.2,3.8,6.5,2.5,2.5,-,-,2.5,-,-,2.5,-,-,7.5,3.5,10.0,10.0,1.3,1.0,10,0,7.5,5.7,-,0,0,0,0,0.0,3.97,158,9.6,-,10,10,7,8.5,2.5,7.6,-,3.6,-,0.0,4.2,3.8,8.9,-,-,0.5,3.0,5.5,3.5,3.5,5,4.4,-,5.7,3.9,4.8,-,0.9,0.9,0.0,-,6.2,0.9,3.5,2.3,-,6.2,-,6.2,8.3,-,-,8,2.5,0,4.7,-,4.0,8.7,-,7,8.0,6.9,6.0,4.67,160
2017,LKA,Sri_Lanka,South Asia,6.41,110,3,3.7,4.5,4.8,4.5,9.1,5,10.0,5,10.0,10.0,8.0,10.0,-,-,0,5.0,7.4,10,10,10,10.0,-,-,7.5,7.4,5.7,6.9,5,5,-,-,5,-,-,5,-,-,7.5,5.5,10.0,10.0,4.3,3.8,7.5,7.5,7.5,7.2,7,0,0,0,2.5,3.2,6.25,114,8.2,9.3,7,9,8,8.5,5.1,7.6,4.8,3.7,5,5.0,5.8,3.6,7.6,5,5.9,0.9,4.9,8.0,8.8,8.5,5,7.6,6.4,8.1,4.3,6.3,5.2,-,5.2,10.0,5.4,0,0,1.8,5.8,5,7.7,10,7.6,10.0,4.1,6.7,8,0,10,6.5,3.4,5.6,9.6,3.5,9.5,8.6,6.7,6.9,6.57,104
2017,ESP,Spain,Western Europe,8.12,29,1,8.1,6.6,6.4,7.0,9.7,10,10.0,10,9.8,9.5,9.9,10.0,-,-,7.5,8.8,9.4,10,10,10,10.0,-,-,10,7.7,6.3,8,10,7.5,-,-,10,-,-,10,-,-,10,9.5,10.0,10.0,8.0,6.5,10,10,10,9.2,7,10,10,10,10,9.0,8.69,30,4.6,4.8,10,4,4,4.0,7,6.1,5.2,3.8,5.9,8.3,8.3,5.6,7.7,8.6,7.2,1.0,6.8,8.2,9.8,9.6,10,9.4,9,9,6.7,8.2,6.3,10,8.1,10.0,6.8,3.1,7.7,5.9,8.1,10,8.0,10,9.3,3.9,3.5,6.4,8,5.1,10,6.1,2.9,7.6,9.5,4.7,8.5,8.3,6.9,7.5,7.55,36
2017,ZAF,South_Africa,Sub-Saharan Africa,7.08,64,2,5.9,6.1,5.2,5.7,0.0,10,10.0,5,9.9,10.0,9.0,10.0,-,-,7.5,8.8,5.9,10,10,10,10.0,-,-,10,8.3,9.8,9.4,10,10,-,-,10,-,-,10,-,-,10,10,10.0,10.0,7.3,5.0,10,10,10,8.9,7,10,10,10,7.5,8.2,7.55,58,4.1,8.1,4,5,4,4.5,8.1,5.8,6.1,5.1,5.4,8.3,3.3,3.9,7,3.7,2.6,1.0,5.0,9.0,9.7,9.0,5,8.2,8.8,8.5,4.8,7.4,5.5,4.7,5.1,10.0,6,0.8,8.3,5.0,6.9,10,7.5,10,9.2,5.6,3.5,4.3,8,8.3,10,6.6,3.7,3.6,8.7,2.8,8.4,7.6,5.8,7.2,6.61,101
2017,SYR,Syria,Middle East & North Africa,3.79,162,4,-,-,-,1.8,9.1,0,0.0,0,0.0,0.0,0.0,10.0,-,-,0,5.0,4.7,0,0,2.5,0.8,-,-,-,5.4,3.4,4.4,-,-,-,-,-,-,-,-,-,-,-,-,0.0,6.7,0.3,0.5,-,-,-,1.9,-,0,0,0,0,0.0,2.53,162,6.8,9,2,9,5,7.0,3.8,5.7,3.1,1.9,5.9,3.3,7.5,3.2,4.1,-,6.1,0.5,3.2,9.5,0.0,4.2,10,5.9,8.4,6.7,0.6,5.2,4.6,2.8,3.7,9.1,4.6,0.8,0,1.8,5.0,2,4.8,10,5.6,8.3,5,4.7,6,10,0,5.7,3.8,0.9,9.2,4.1,-,6.2,4.8,5.4,5.05,155
2017,SVN,Slovenia,Eastern Europe,7.97,35,1,7.7,5.9,5.8,6.5,9.6,10,10.0,7.5,10.0,10.0,9.5,10.0,-,-,10,10.0,9.7,10,10,10,10.0,-,-,10,9.2,7.8,9,10,10,-,-,10,-,-,10,-,-,10,10,10.0,10.0,8.0,8.0,10,10,10,9.4,7,10,10,10,10,9.0,8.78,23,4.2,5.1,8,4,0,2.0,6.9,5.3,4.4,3.1,5.7,9.2,7.5,4.2,8.3,7.2,7.7,1.0,6.2,8.1,9.8,9.7,10,9.4,9,9,6.7,8.2,6.2,10,8.1,10.0,5,3.1,7.7,5.3,7.9,5,10.0,10,8.3,2.2,2.6,5.8,8,8.1,10,6.1,2.7,7.6,9.6,4.8,6.9,7.4,6.5,7.0,7.15,67
2017,SGP,Singapore,South Asia,8.11,30,1,6.9,8.1,8,7.7,9.9,10,10.0,10,10.0,10.0,10.0,10.0,-,-,7.5,8.8,9.6,10,5,10,8.3,-,-,5,8.6,4.8,6.1,5,2.5,-,-,2.5,-,-,2.5,-,-,5,3.5,10.0,10.0,2.0,4.5,7.5,7.5,5,6.6,7,0,10,5,10,7.3,7.5,61,4.9,9.2,8,10,10,10.0,3.9,7.2,7.8,7.3,8.9,8.3,8.3,7.7,9,9.2,8.4,1.0,8.2,10.0,9.5,9.9,10,9.9,10,10,10,10,8.2,9.2,8.7,10.0,8.5,6.9,10,8.5,9.3,10,10.0,10,10.0,10.0,7.6,8.4,10,10,0,7.7,7.6,10.0,9.9,8.8,10,9.3,9.3,9.0,8.71,2
2017,SLE,Sierra Leone,Sub-Saharan Africa,5.99,132,4,3.4,4.1,3.8,3.9,9.3,10,10.0,7.5,10.0,10.0,9.5,1.0,-,-,5,3.0,7.3,5,10,10,8.3,-,-,-,8.8,8.1,8.5,-,-,-,-,-,-,-,-,-,-,-,-,10.0,10.0,4.0,5.0,-,-,-,7.3,-,0,10,5,2.5,3.8,6.27,112,8.8,10,4,7,4,5.5,6.4,6.9,3.4,3.5,4.5,4.2,5.8,4.2,5.4,4.1,4.5,0.8,3.9,7.8,7.0,6.4,5,6.5,9,7.6,11.9,9.5,4.5,3.4,3.9,10.0,5.2,0,1.8,2.3,6.4,2,0.0,9,3.7,3.3,4.1,5.5,8,0,10,5.2,3.9,2.0,9.7,2.7,7.9,6.2,5.4,4.7,5.71,145
2017,SYC,Seychelles,Sub-Saharan Africa,7.16,62,2,-,-,-,5.3,4.9,10,10.0,-,10.0,10.0,10.0,10.0,-,-,10,10.0,8.3,10,0,2.5,4.2,-,-,-,9.9,6.4,8.1,-,-,-,-,-,-,-,-,-,-,-,-,10.0,10.0,4.7,6.0,-,-,-,7.7,-,10,10,10,10,10.0,7.16,71,1.7,8.6,8,10,10,10.0,3.1,6.3,5.3,4.8,5.8,8.1,-,4.1,7.1,5.9,5.6,1.0,5.8,8.3,8.6,9.4,10,9.1,9.3,8,0,5.8,6,5.3,5.7,9.6,6,8.5,10,8.1,7.3,5,9.6,9,7.9,8.9,4.6,5.3,8,7.5,10,7.4,5,6.0,8.8,3.5,8.7,9.0,6.8,7.4,7.16,63
2017,SRB,Serbia,Eastern Europe,7.3,58,2,4.1,4.9,3.6,4.4,9.6,10,10.0,7.5,10.0,10.0,9.5,10.0,-,-,7.5,8.8,9.3,10,10,10,10.0,-,-,10,8.9,5.9,8.3,7.5,7.5,-,-,7.5,-,-,7.5,-,-,10,8,10.0,10.0,5.0,4.8,10,10,10,8.5,7,10,10,10,7.5,8.2,7.71,52,6.4,3.7,8,10,5,7.5,6.2,6.4,3.2,3.0,4.2,6.7,5.8,3.2,8.7,5,5.6,1.0,5.0,9.1,9.5,9.4,5,8.2,9.3,8.5,7.2,8.3,5.1,9.8,7.5,10.0,5.6,1.5,7,4.7,7.6,8,7.4,9,8.1,2.2,4.5,7,10,7.5,10,6.9,2.8,6.2,9.8,3.6,9.2,7.5,6.5,7.2,6.89,80
2017,SEN,Senegal,Sub-Saharan Africa,6.57,102,3,4.1,5.6,4.3,4.7,7.0,10,10.0,5,10.0,10.0,9.0,7.7,-,-,5,6.4,7.5,10,5,10,8.3,-,-,10,9.6,7.5,9,10,10,-,-,10,-,-,10,-,-,10,10,10.0,10.0,4.0,6.3,10,7.5,10,8.3,-,0,0,0,7.5,3.8,6.97,79,6.9,10,6,5,5,5.0,7.2,7.0,4.4,5.1,5.5,4.2,5,2.8,6.7,6.7,5.4,0.7,4.3,9.5,9.6,9.7,0,7.2,7.5,7.6,7,7.3,5.1,6.2,5.7,10.0,5.8,0.8,4.8,3.8,6.7,10,7.6,5,7.5,0.0,4.2,6.1,4,7.2,0,3.6,4.4,3.8,9.5,4,8,5.1,5.8,5.6,6.17,124
2017,SAU,Saudi_Arabia,Middle East & North Africa,5.42,149,4,-,-,-,5.3,9.5,10,10.0,2.5,9.7,9.6,8.4,10.0,-,-,0,5.0,7.6,0,0,0,0.0,-,-,0,7.1,2.5,3.2,2.5,2.5,-,-,0,-,-,0,-,-,5,2,10.0,6.7,0.3,2.0,7.5,7.5,5,5.6,-,0,0,0,0,0.0,4.32,157,0.8,9.5,4,10,10,10.0,1.7,5.2,7.1,5.8,7,8.3,8.3,-,10,8.3,7.3,0.4,5.3,9.6,6.5,9.8,10,9.0,9.2,8.8,3.5,7.2,5.9,-,5.9,10.0,4.7,1.5,0.6,2.2,6.3,5,3.8,10,6.3,8.3,5.4,7.5,6,4.4,10,6.9,5.4,3.1,9.4,6.6,9.4,9.6,7.2,6.8,6.52,107
2017,RWA,Rwanda,Sub-Saharan Africa,6.82,82,3,-,-,-,5.4,9.0,5,10.0,5,9.9,9.9,8.0,10.0,-,-,7.5,8.8,8.6,10,5,10,8.3,-,-,2.5,8.7,6.9,6,2.5,2.5,-,-,0,-,-,2.5,-,-,2.5,2,10.0,10.0,2.3,1.5,7.5,5,7.5,6.3,-,10,10,10,2.5,6.3,6.38,107,6.9,9.3,0,8,5,6.5,3.6,5.2,6.7,6.2,6.5,6.4,-,3.7,9.8,7.7,8.3,1.0,6.9,9.3,9.1,8.3,10,9.2,8.6,7.5,5.2,7.1,5.1,5.7,5.4,10.0,6.6,9.2,1.9,5.9,7.1,5,7.5,9,7.2,10.0,5.4,6.5,10,7.8,10,8.3,6.2,7.3,9.7,7.3,9.1,8.9,8.1,7.8,7.26,56
2017,SVK,Slovakia,Eastern Europe,8.02,33,1,-,-,-,6.1,9.4,10,10.0,7.5,10.0,10.0,9.5,10.0,-,-,10,10.0,9.6,10,10,10,10.0,-,-,7.5,8.6,7.1,7.7,10,10,-,-,10,-,-,10,-,-,10,10,10.0,10.0,7.3,7.8,10,10,10,9.3,7,10,10,10,10,9.0,8.54,33,4.1,5,10,9,2,5.5,7.9,6.5,3,2.1,5.4,10.0,6.7,3.8,9.7,4.2,6.3,1.0,5.7,8.4,9.7,9.7,10,9.5,9,9,6.7,8.2,6,10,8.0,10.0,7.9,5.4,7.7,7.0,8.3,10,9.7,10,9.9,5.6,3.6,6.6,8,7.8,10,6.9,2.4,7.6,9.1,3,6,7.8,6.0,7.6,7.51,40
2017,TWN,Taiwan,East Asia,8.4,19,1,-,-,-,7.0,9.7,10,10.0,7.5,10.0,10.0,9.5,10.0,-,-,7.5,8.8,9.3,10,10,10,10.0,-,-,10,9.3,8.8,9.4,10,10,-,-,10,-,-,10,-,-,10,10,10.0,10.0,7.0,8.0,10,10,10,9.3,-,10,10,10,10,10.0,8.94,17,5.6,9.3,8,6,6,6.0,8.1,7.4,5.8,4.5,7.6,6.7,8.3,5.5,7.9,7.6,7,1.0,6.8,9.7,9.4,9.9,10,9.8,9.5,8.7,4.9,7.7,6.4,8.8,7.6,10.0,6,-,5.2,5.6,7.7,5,9.2,10,8.1,5.6,6.1,8.2,10,6.3,5,6.9,5,9.6,9.7,6.5,9.6,7.5,8.0,7.6,7.85,19
2017,TJK,Tajikistan,Caucasus & Central Asia,5.77,138,4,-,-,-,3.0,9.4,10,10.0,2.5,10.0,10.0,8.5,10.0,-,-,7.5,8.8,8.9,10,5,10,8.3,-,-,0,8.4,4.7,4.4,2.5,2.5,-,-,0,-,-,2.5,-,-,2.5,2,10.0,10.0,0.7,1.8,2.5,2.5,2.5,4.3,-,10,10,10,2.5,6.3,5.49,138,6.5,9.1,0,10,7,8.5,1.3,5.1,5.5,5.3,5.7,4.5,-,5.7,8.4,6.2,6.5,0.7,5.0,7.5,9.1,8.5,5,7.5,9.2,8.5,7.8,8.5,5.4,4,4.7,8.0,4.5,2.3,1,2.6,5.9,8,8.5,7,7.8,5.6,5.7,7.4,8,7.8,0,5.7,5.6,2.4,9.5,5,7.9,7.5,6.3,6.6,6.05,132
2017,TZA,United_Republic_of_Tanzania,Sub-Saharan Africa,6.26,118,3,3.3,5,3.9,4.2,7.5,5,10.0,7.5,10.0,10.0,8.5,9.0,-,-,0,4.5,6.8,10,5,10,8.3,-,-,5,8.3,6,6.4,7.5,5,-,-,2.5,-,-,5,-,-,5,5,10.0,10.0,3.0,4.5,10,10,5,7.5,0,0,10,5,2.5,2.5,5.75,130,6.5,10,7,8,4,6.0,3.8,6.7,4.6,4.7,5.2,6.7,8.3,5.7,7,5.6,5.1,0.9,5.7,9.9,9.2,8.9,5,8.3,7.3,7.4,5.1,6.6,4.9,0.8,2.8,10.0,5,1.5,10,5.5,6.2,8,8.3,10,8.8,5.6,4.4,5.9,10,8.3,5,6.5,4.4,2.0,8.5,3.9,7.9,7.7,5.7,7.0,6.77,87
2017,ZWE,Zimbabwe,Sub-Saharan Africa,5.65,142,4,1.5,4.3,3.8,3.5,7.3,10,10.0,5,10.0,10.0,9.0,10.0,-,-,7.5,8.8,8.4,5,5,10,6.7,-,-,2.5,9.3,7.5,6.4,2.5,2.5,-,-,2.5,-,-,2.5,-,-,2.5,2.5,10.0,10.0,2.0,3.8,-,-,7.5,6.7,0,0,10,5,7.5,4.2,5.61,136,5.5,9.3,6,4,4,4.0,2.7,5.5,3.3,3.4,2.6,3.3,5,2.4,6.8,4,5.7,1.0,4.1,9.4,9.5,9.8,5,8.4,6.2,6.6,1.6,4.8,4.8,1.3,3.1,3.0,3.5,0,8.9,4.1,3.7,8,9.3,10,9.1,6.7,2.8,3,8,6.3,10,6.1,1.9,2.7,7.8,2.6,7.5,7.3,5.0,6.7,5.69,146
2017,ZMB,Zambia,Sub-Saharan Africa,6.49,108,3,2.1,4.9,4.2,4.1,7.9,10,10.0,7.5,10.0,10.0,9.5,10.0,-,-,5,7.5,8.3,0,10,2.5,4.2,-,-,-,8.3,6.3,7.3,-,-,-,-,-,-,-,-,-,-,-,-,10.0,10.0,3.7,4.0,-,-,-,6.9,10,0,0,0,7.5,5.8,6.13,117,6.1,10,4,5,4,4.5,8.5,6.6,3.7,3.7,5.5,8.3,6.7,3.5,6,4.5,5.7,1.0,5.2,7.9,8.6,8.7,10,8.8,9,7.2,1.3,5.8,5.3,2.4,3.9,10.0,6.9,9.2,10,8.7,7.1,5,7.6,10,7.5,4.4,4.7,7.1,8,0,10,5.7,4.4,4.0,9.4,3.1,7.8,8.2,6.2,6.5,6.84,83
2017,YEM,"Yemen, Rep.",Middle East & North Africa,4.3,160,4,-,-,-,2.4,7.3,0,0.0,0,1.0,4.9,1.2,8.1,-,-,0,4.1,4.2,0,5,0,1.7,-,-,-,-,-,-,-,-,-,-,-,-,-,-,-,-,-,-,7.6,10.0,1.3,1.0,-,-,-,5.0,-,0,0,0,0,0.0,2.75,161,10.0,9,4,10,8,9.0,3.5,7.1,2.4,2.6,3.1,4.2,3.3,3.8,9,2.6,3.2,0.7,3.2,9.9,6.9,5.1,10,8.0,8.9,8.5,7.8,8.4,4,10,7.0,4.8,2.6,6.9,1,3.5,5.9,-,0.0,10,5.0,6.7,3.1,6.4,8,2.5,10,6.1,3.1,0.0,7.5,2.1,-,7.2,4.0,5.0,5.84,140
2017,VNM,Vietnam,South Asia,6.29,117,3,5.4,4.4,4.9,4.9,9.4,10,10.0,10,10.0,10.0,10.0,10.0,-,-,7.5,8.8,9.4,0,5,10,5.0,-,-,2.5,8.6,6.6,5.9,2.5,2.5,-,-,0,-,-,0,-,-,2.5,1.5,10.0,9.0,0.0,1.8,7.5,7.5,5,5.8,10,10,10,10,7.5,9.2,6.31,109,9.2,-,6,7,5,6.0,5.6,6.7,4.2,4.0,4.9,5.0,6.7,5.7,8.8,5.5,6.1,0.8,5.0,8.3,9.2,9.3,0,6.7,9.1,8.1,5.5,7.6,4.8,5.7,5.3,10.0,5.2,0.8,0.8,2.2,6.3,-,7.9,10,9.0,7.8,5.1,6.2,10,2.5,0,5.3,3.7,6.4,9.4,3.7,8.2,4.4,6.0,6.7,6.27,119
2017,VEN,Venezuela,Latin America & the Caribbean,3.8,161,4,1.5,3.3,1.4,2.1,0.0,10,10.0,5,9.9,9.8,8.9,10.0,-,-,10,10.0,6.3,0,10,10,6.7,-,-,5,9,6.6,6.9,10,10,-,-,2.5,-,-,5,-,-,5,6.5,10.0,9.7,1.3,2.3,5,2.5,5,5.1,0,10,10,10,2.5,4.2,5.03,149,8.6,5.8,0,7,6,6.5,2,4.6,0.2,0.6,1.2,0.8,1.7,2.4,8.1,1.3,1.6,1.0,2.0,2.8,0.0,0.0,0,0.7,8.4,7.2,6.1,7.3,4.1,0,2.0,0.0,3.1,0,7.2,3.4,3.2,5,0.0,5,3.3,0.0,0.9,5.6,4,-,0,2.1,1.1,0.0,3.3,1.5,5,1.1,2.0,2.5,2.58,162
2017,URY,Uruguay,Latin America & the Caribbean,7.74,41,2,6.2,7.4,5.4,6.6,6.7,10,10.0,10,10.0,10.0,10.0,10.0,-,-,10,10.0,8.9,10,10,10,10.0,-,-,7.5,9,8.9,8.5,7.5,10,-,-,5,-,-,7.5,-,-,7.5,7.5,10.0,10.0,8.0,7.5,10,10,10,9.4,10,10,10,10,10,10.0,8.42,35,6.6,5.9,7,7,6,6.5,5.6,6.3,7.5,4.4,6.5,5.8,4.2,3.6,6.5,5.3,4.4,1.0,5.2,8.2,9.2,8.8,10,9.0,8.4,7.9,6.9,7.7,5.7,6.2,6.0,10.0,7,8.5,7.7,7.7,7.9,5,8.1,9,7.4,8.9,2.9,2.4,8,4.6,10,6.1,3,7.6,9.6,6.3,6.8,8.2,6.9,6.8,7.05,70
2017,USA,United_States_of_America,North America,8.46,15,1,7.6,6.7,6.5,6.9,7.9,10,9.9,7.5,9.9,9.4,9.3,10.0,-,-,10,10.0,9.1,10,10,10,10.0,-,-,10,7.9,8.7,8.9,10,10,-,-,10,-,-,10,-,-,10,10,10.0,10.0,8.0,7.0,10,10,10,9.3,7,10,10,10,10,9.0,8.72,26,6.8,6,8,5,5,5.0,10,7.2,7.7,7.6,7.9,6.7,8.3,5.2,9,8.2,6.3,1.0,7.4,9.7,9.9,9.6,10,9.8,9.5,9.3,6.5,8.4,7,9.8,8.4,10.0,7.2,3.8,0.6,3.9,7.7,10,8.0,10,9.3,9.5,7.6,7.9,10,10,10,9.2,6.4,8.2,9.8,6.5,9.6,8.0,8.1,8.9,8.19,5
2017,GBR,United_Kingdom,Western Europe,8.47,14,1,8.2,7.5,7.4,7.7,9.5,10,10.0,10,9.8,9.1,9.8,10.0,-,-,7.5,8.8,9.3,10,10,10,10.0,-,-,10,7.6,5.2,7.6,10,10,-,-,10,-,-,10,-,-,10,10,10.0,10.0,7.0,7.8,10,10,10,9.3,7,10,10,10,10,9.0,8.85,20,5.3,5.5,8,6,2,4.0,8.2,6.2,8.6,7.0,8.7,10.0,8.3,4.4,8,8.3,6.7,1.0,7.8,9.5,9.7,9.5,10,9.7,9,9,6.7,8.2,7,9.3,8.1,10.0,8.3,4.6,9.1,7.3,8.4,8,8.6,10,8.9,8.9,6.9,8,8,8.5,10,8.4,5,6.4,9.9,7.2,9.5,8.8,7.8,8.4,8.09,7
2017,ARE,United_Arab_Emirates,Middle East & North Africa,6.13,128,4,5.3,6.8,6.9,6.4,9.6,5,10.0,7.5,10.0,10.0,8.5,10.0,-,-,0,5.0,7.7,10,0,2.5,4.2,-,-,2.5,8.1,3.5,4.7,0,0,-,-,0,-,-,0,-,-,2.5,0.5,10.0,10.0,1.7,2.5,7.5,7.5,5,6.3,-,0,0,0,0,0.0,5.09,148,4.1,8.7,2,10,10,10.0,4.4,5.8,7.2,6.5,7.4,8.3,6.7,5.8,9.9,8.3,8.9,0.5,5.7,9.2,7.4,9.6,10,9.1,10,9,6.3,8.4,7,8.3,7.6,10.0,7.6,5.4,5.3,6.1,8.0,5,8.4,-,6.7,10.0,6.8,7.4,6,10,0,6.7,6.6,5.3,9.6,8.5,10,9.9,8.3,7.2,7.17,61
2017,UKR,Ukraine,Eastern Europe,6.26,118,3,4.2,5.1,3.7,4.5,7.5,5,7.0,0,9.7,9.7,6.3,10.0,-,-,10,10.0,7.9,0,10,10,6.7,-,-,2.5,7.5,7.6,5.9,7.5,7.5,-,-,5,-,-,2.5,-,-,5,5.5,10.0,9.8,5.7,3.8,7.5,7.5,7.5,7.4,7,10,10,10,10,9.0,6.56,96,4.9,5.5,10,10,7,8.5,7,7.2,2.6,2.9,3.8,8.3,6.7,4.8,9.1,4.5,5.2,0.7,4.4,7.8,5.0,7.1,0,5.0,9.5,9.1,7.9,8.8,4.9,6.5,5.7,9.4,3.8,0,5.9,3.2,6.8,5,9.4,9,7.8,5.6,5.2,4.7,6,9.3,0,5.1,3.9,6.0,9.8,2.9,9.5,6.3,6.4,6.4,5.96,135
2017,UGA,Uganda,Sub-Saharan Africa,6.61,97,3,1.9,4.5,3.4,3.4,5.6,10,8.2,7.5,9.9,10.0,9.1,9.9,-,-,5,7.5,7.4,10,10,2.5,7.5,-,-,10,7.6,7.6,8.4,7.5,5,-,-,2.5,-,-,10,-,-,10,7,10.0,8.1,4.0,3.8,10,10,7.5,7.6,0,0,0,0,2.5,0.8,5.82,129,8.9,10,8,5,3,4.0,6.5,7.5,3.9,4.1,5.1,3.3,5.8,4.9,8.2,4.5,4.1,0.9,4.7,9.1,9.4,9.0,10,9.4,7.7,7.5,5.2,6.8,6,4.6,5.3,10.0,6.8,8.5,10,8.4,7.6,8,8.5,9,8.5,10.0,5.5,8.4,8,10,10,8.7,4.3,4.2,8.9,3,9,7.8,6.2,7.8,7.39,48
2017,TUR,Turkey,Middle East & North Africa,6.21,122,3,3.6,4.4,4,4.0,8.3,5,4.6,2.5,9.1,9.2,6.1,10.0,-,-,7.5,8.8,7.7,10,0,10,6.7,-,-,2.5,7,3.9,4.5,7.5,5,-,-,5,-,-,2.5,-,-,2.5,4.5,9.6,0.8,1.0,1.8,5,7.5,5,4.4,7,10,10,10,7.5,8.2,5.74,131,6.0,6.5,7,7,7,7.0,6.5,6.6,3.3,3.2,5.3,3.3,5,4.4,8.6,5.4,5.8,0.9,4.6,8.3,9.3,7.8,10,8.8,9.5,7.8,0.6,6,5.9,9.4,7.6,10.0,5.8,2.3,8.4,5.5,7.3,5,8.9,5,6.3,5.6,4.1,7.1,8,2.5,1,4.7,4,7.1,9.7,4.3,9.2,8.1,7.1,6.0,6.67,95
2017,TUN,Tunisia,Middle East & North Africa,6.08,129,4,3.2,4.9,4.3,4.8,8.8,10,10.0,5,9.9,9.9,9.0,10.0,-,-,0,5.0,7.6,0,5,10,5.0,-,-,7.5,8,3.8,6.5,7.5,7.5,-,-,7.5,-,-,7.5,-,-,10,8,10.0,10.0,4.0,5.5,10,7.5,10,8.1,-,0,0,0,2.5,1.3,5.97,122,5.2,6.4,7,7,2,4.5,5.1,5.6,4.8,4.2,5.9,6.7,8.3,4.9,7.3,5.7,5.3,0.8,5.3,9.0,9.6,8.9,0,6.9,8.8,7.7,5.3,7.3,4.7,7.3,6.0,8.6,5.4,0.8,9.4,5.2,6.8,5,6.7,10,7.2,6.1,2.9,4.6,10,5.5,3,5.4,3.4,5.3,9.7,4,9.4,8.4,6.7,6.4,6.2,122
2017,TTO,Trinidad_and_Tobago,Latin America & the Caribbean,6.62,96,3,4.4,5.9,3.9,4.7,0.0,10,10.0,7.5,10.0,10.0,9.5,10.0,-,-,10,10.0,6.5,10,10,2.5,7.5,-,-,-,8.8,8.5,8.6,-,-,-,-,-,-,-,-,-,-,-,-,10.0,10.0,7.7,7.3,-,-,-,8.7,-,0,0,0,10,5.0,6.54,97,6.4,7.9,0,9,6,7.5,5.2,5.4,5.8,3.2,5.6,8.3,3.3,3,6.2,3.1,2.9,1.0,4.6,9.7,7.1,9.6,10,9.1,8.9,7.9,5.8,7.5,6.4,6.2,6.3,10.0,6,6.2,10,7.4,7.8,8,0.0,10,6.0,10.0,4.1,6,10,5.1,10,7.6,3.8,6.7,9.7,2.9,6.8,7.6,6.3,6.6,6.7,91
2017,TGO,Togo,Sub-Saharan Africa,6.31,116,3,-,-,-,4.0,6.4,10,10.0,7.5,10.0,10.0,9.5,9.5,-,-,7.5,8.5,8.1,5,10,2.5,5.8,-,-,10,9.6,7,8.9,7.5,5,-,-,10,-,-,7.5,-,-,10,8,10.0,10.0,4.0,5.3,10,10,10,8.5,-,0,10,5,0,2.5,6.41,104,7.3,9.9,2,7,-,7.0,6.3,6.5,-,4.3,8,4.2,5,3.9,6.5,-,-,1.0,5.2,8.9,9.2,9.8,0,7.0,7.6,7.6,7,7.4,4.9,3.3,4.1,10.0,-,0.8,1.7,1.2,5.7,10,10.0,5,8.3,1.7,-,-,8,7,0,4.2,-,3.8,9.4,-,8.2,8.2,7.4,6.6,6.21,121
2017,TLS,Timor_Leste,South Asia,6.76,86,3,-,-,-,3.3,8.4,10,10.0,7.5,10.0,10.0,9.5,10.0,-,-,7.5,8.8,8.9,10,10,10,10.0,-,-,-,9.2,8,8.6,-,-,-,-,-,-,-,-,-,-,-,-,10.0,10.0,6.3,7.3,-,-,-,8.4,-,10,10,10,7.5,8.8,7.52,60,0.0,8.6,0,10,10,10.0,3.6,4.5,3.9,3.5,3,6.4,-,0,-,1.4,4.7,1.0,3.3,7.4,5.1,9.9,10,8.1,9.7,9.5,10,9.7,3.9,5,4.5,10.0,5.3,8.5,-,6.9,7.8,-,6.4,4,5.2,2.2,-,-,8,9,10,7.3,-,4.9,9.6,3.5,7.5,6.9,6.5,6.3,5.99,133
2017,THA,Thailand,South Asia,6.55,103,3,3.1,5.3,4,4.3,8.7,5,9.8,5,9.7,9.2,7.7,10.0,-,-,10,10.0,8.8,0,5,10,5.0,-,-,10,7.4,4.4,7.3,2.5,0,-,-,2.5,-,-,7.5,-,-,10,4.5,10.0,9.7,1.0,1.8,10,10,7.5,7.1,0,10,10,10,7.5,5.8,6.25,113,4.4,9.2,6,8,8,8.0,6.3,6.8,5.1,4.4,5.3,3.3,4.2,6.3,7.5,4.6,5.2,0.8,4.7,9.8,9.7,9.9,5,8.6,9.7,8.1,4.4,7.4,5.7,8,6.9,10.0,6.5,1.5,6.1,4.7,7.2,8,9.9,10,9.3,5.6,5.6,5.7,10,1.4,0,4.7,4.3,7.3,9.8,4,9,7.4,7.0,7.0,6.86,81
2017,RUS,Russia,Eastern Europe,6.34,114,3,2.9,5.3,3.3,4.0,6.3,0,9.9,5,9.9,9.8,6.9,10.0,-,-,10,10.0,7.7,0,5,10,5.0,-,-,5,6,2.8,4.6,5,5,-,-,2.5,-,-,5,-,-,7.5,5,9.5,9.7,1.7,1.5,5,7.5,7.5,6.1,7,10,10,10,10,9.0,5.9,127,4.3,5.8,10,10,5,7.5,4.1,6.3,4,3.9,4.4,6.7,5,6.9,9.7,4.9,5.9,0.7,4.8,8.6,9.3,9.3,10,9.3,6,8.7,6.8,7.1,4.8,7.2,6.0,10.0,4.2,4.6,3.8,4.2,6.8,5,9.7,10,8.2,4.5,5.1,6.1,6,8.5,3,5.5,3.9,2.9,9.7,4,7.8,8.1,6.1,6.6,6.78,85
2017,KGZ,Kyrgyzstan,Caucasus & Central Asia,6.98,67,2,3.6,4.6,3.2,3.8,8.3,10,10.0,2.5,10.0,10.0,8.5,10.0,-,-,7.5,8.8,8.5,10,5,10,8.3,-,-,-,7.7,6.5,7.1,-,-,-,-,-,-,-,-,-,-,-,-,10.0,8.4,3.3,3.3,-,-,-,6.2,10,10,10,10,10,10.0,7.05,76,6.6,7.2,6,10,7,8.5,6.8,7.0,3.5,3.3,4.2,5.2,-,4.5,9.9,4.1,5.6,0.7,4.3,8.6,9.1,9.4,10,9.3,7.9,8.7,7.7,8.1,5,7.8,6.4,10.0,4.5,1.5,8.7,4.9,7.4,8,9.1,8,8.4,5.0,4.5,6.1,10,7.8,1,5.7,3.8,3.1,9.7,3,8.6,7.5,5.9,6.7,6.92,77
2017,ROU,Romania,Eastern Europe,8.11,30,1,6.8,6.5,5.7,6.3,9.4,10,10.0,10,10.0,10.0,10.0,10.0,-,-,10,10.0,9.8,10,10,10,10.0,-,-,10,7.9,5.7,7.9,10,10,-,-,10,-,-,10,-,-,10,10,10.0,10.0,7.0,6.0,10,10,10,9.0,7,10,10,10,7.5,8.2,8.54,32,6.0,6.9,8,10,4,7.0,7,7.0,5.1,3.5,6,8.3,5,5,9.3,6,6.8,1.0,6.1,8.2,9.6,9.7,10,9.4,9,9,6.7,8.2,6,10,8.0,10.0,6.3,8.5,7.7,7.5,8.4,8,8.6,10,8.9,3.9,5.6,7.1,8,10,10,7.4,2.9,6.7,8.9,3.5,6.7,8.2,6.1,7.5,7.68,28
2017,PRT,Portugal,Western Europe,8.27,26,1,8.2,6.9,6.4,7.2,9.7,10,10.0,10,10.0,10.0,10.0,10.0,-,-,10,10.0,9.9,10,10,10,10.0,-,-,10,9.5,8.8,9.4,10,10,-,-,10,-,-,10,-,-,7.5,9.5,10.0,10.0,8.7,8.3,10,10,10,9.6,7,10,10,10,10,9.0,9.02,16,5.5,4.9,10,4,1,2.5,8,6.2,6.5,3.1,6.3,10.0,8.3,4,7.4,7.9,8,1.0,6.8,8.0,9.8,9.7,10,9.4,9,9,6.7,8.2,7.4,10,8.7,10.0,7.1,4.6,7.7,6.5,8.3,5,7.2,10,7.4,2.2,3.5,6.4,6,7,10,5.9,3.4,8.7,9.8,5.6,8.3,7.3,7.2,6.8,7.52,39
2017,MDA,Moldova,Eastern Europe,6.93,71,2,5.1,4.7,3.6,4.5,8.7,10,10.0,5,10.0,10.0,9.0,10.0,-,-,10,10.0,9.2,10,5,10,8.3,-,-,5,7.7,5.5,6,7.5,7.5,-,-,5,-,-,5,-,-,5,6,10.0,10.0,4.3,4.8,7.5,7.5,7.5,7.4,10,10,10,10,10,10.0,7.2,68,7.3,6.8,6,10,4,7.0,4.8,6.4,2,2.5,4.1,6.7,6.7,4.3,9.5,4.2,6.2,0.7,4.3,9.7,9.2,8.7,5,8.1,9.4,8.9,7.8,8.7,5.5,8.8,7.1,10.0,4.8,0.8,6.5,4.0,7.5,10,8.6,10,9.5,4.4,4.1,6,6,6.8,3,5.1,3.3,7.1,9.8,2.6,6.4,8.0,6.2,6.9,6.66,97
2017,MEX,Mexico,Latin America & the Caribbean,6.65,92,3,4.1,4,3,3.9,0.1,0,10.0,7.5,9.9,10.0,7.5,10.0,-,-,7.5,8.8,5.4,10,10,10,10.0,-,-,7.5,7.4,7.8,7.6,10,10,-,-,7.5,-,-,7.5,-,-,7.5,8.5,7.7,10.0,3.7,2.3,10,10,10,7.7,10,10,10,10,0,6.7,6.38,106,7.3,6.4,10,8,8,8.0,7.9,7.9,3.1,3.0,5,5.0,2.5,6.1,7.6,2.4,2.8,1.0,4.2,8.5,9.3,8.8,5,7.9,9.8,8.6,5.9,8.1,5.9,8.5,7.2,10.0,7,1.5,7.3,5.3,7.6,8,9.4,10,9.1,6.7,4,6.9,8,4.8,3,5.6,2.8,6.9,9.6,2.6,9.4,7.3,6.4,7.0,6.93,76
2017,MUS,Mauritius,Sub-Saharan Africa,7.52,50,2,-,-,-,6.3,9.3,10,10.0,10,10.0,10.0,10.0,10.0,-,-,5,7.5,8.9,5,5,2.5,4.2,-,-,7.5,9.2,7.4,8,10,7.5,-,-,10,-,-,7.5,-,-,10,9,10.0,10.0,8.0,7.5,10,10,10,9.4,-,0,0,0,2.5,1.3,6.98,78,6.8,8.5,7,10,8,9.0,9,8.0,6.7,5.7,6.7,9.0,-,5.3,9.5,6,6.8,1.0,6.9,8.8,9.7,9.3,10,9.4,9.8,9.9,8.8,9.5,6.2,8.5,7.4,10.0,6.5,4.6,10,7.0,8.5,8,7.5,10,8.5,6.7,5.6,6.2,10,0,10,6.4,4.4,8.9,9.8,4.8,9.3,8.3,7.6,7.5,8.07,9
2017,MRT,Mauritania,Sub-Saharan Africa,5.47,146,4,-,-,-,4.2,6.0,10,10.0,5,10.0,10.0,9.0,3.3,-,-,0,1.7,5.6,0,10,10,6.7,-,-,5,9.1,2.9,5.7,7.5,7.5,-,-,7.5,-,-,0,-,-,5,5.5,10.0,7.7,4.3,5.0,5,5,5,6.0,-,0,0,0,0,0.0,4.83,152,3.5,-,7,6,6,6.0,7,5.9,2.5,1.9,2.3,4.7,-,6.3,7.6,5.7,5.7,0.6,3.7,9.5,8.2,9.5,5,8.0,-,7.6,7.2,7.4,2.6,5.6,4.1,10.0,3.5,3.3,1,2.6,6.0,10,8.5,9,9.2,4.4,3.6,6.1,8,7.9,5,5.9,3,2.4,9.6,2.7,9.2,7.0,5.7,6.9,6.11,128
2017,MLT,Malta,Western Europe,8.37,20,1,-,-,-,7.0,9.6,10,10.0,-,9.3,10.0,9.8,10.0,-,-,10,10.0,9.8,10,10,10,10.0,-,-,10,9.1,6.2,8.4,10,10,-,-,10,-,-,10,-,-,10,10,0.0,10.0,8.3,7.8,10,10,10,8.0,10,10,10,10,7.5,9.2,8.77,24,4.3,7,10,7,7,7.0,-,7.1,5.5,4.6,6.9,10.0,8.3,5.4,5.3,5.9,7.5,1.0,6.5,8.6,9.9,9.7,10,9.5,9,9,6.7,8.2,7,9.4,8.2,10.0,7.1,6.9,7.7,7.3,8.4,10,10.0,10,10.0,7.2,5.1,7.8,8,10,10,8.0,4.6,6.9,9.4,4.6,8.1,8.4,7.0,8.3,7.97,11
2017,MLI,Mali,Sub-Saharan Africa,6.03,131,4,-,-,-,3.9,5.6,0,3.8,2.5,3.5,6.3,3.2,1.7,-,-,5,3.4,4.1,10,10,10,10.0,-,-,7.5,9,9.3,8.6,7.5,7.5,-,-,7.5,-,-,7.5,-,-,7.5,7.5,10.0,10.0,7.3,5.3,7.5,7.5,7.5,7.9,-,10,10,10,5,7.5,6.15,116,6.5,9.9,2,5,1,3.0,7.2,5.7,3.7,3.9,4.3,4.2,5,2.6,5.8,3.7,3.8,0.7,3.5,9.9,9.7,9.6,0,7.3,8,7.6,7,7.5,4.5,5.3,4.9,10.0,4.4,0.8,10,5.1,6.9,10,8.1,5,7.7,4.4,5,5.1,8,7.6,0,5.0,4.1,3.3,9.0,2.9,8.9,7.0,5.9,6.2,5.91,136
2017,MYS,Malaysia,South Asia,6.52,106,3,3.3,5.6,5.5,5.4,9.2,5,10.0,10,10.0,10.0,9.0,10.0,-,-,5,7.5,8.5,0,5,10,5.0,-,-,2.5,6.9,2.4,3.9,7.5,2.5,-,-,2.5,-,-,2.5,-,-,5,4,10.0,10.0,1.3,3.8,7.5,7.5,7.5,6.8,7,0,0,0,0,2.3,5.7,134,6.5,8.9,4,9,9,9.0,3.9,6.4,6.4,6.6,7.5,8.3,6.7,5,8.6,7.5,6.3,0.6,5.6,4.4,9.3,9.2,10,8.2,9.8,8.9,4.6,7.8,6.6,8.5,7.6,10.0,6.7,0.8,10,5.8,7.8,10,8.9,10,9.6,10.0,6.5,7.5,10,4.2,10,8.0,6.5,10.0,9.4,6,10,7.9,8.3,8.7,7.34,52
2017,MNG,Mongolia,East Asia,7.61,46,2,4.8,5.3,5,5.3,7.5,10,10.0,10,10.0,10.0,10.0,10.0,-,-,10,10.0,9.2,10,5,10,8.3,-,-,10,9,6.7,8.6,10,10,-,-,10,-,-,2.5,-,-,10,8.5,10.0,10.0,5.7,7.0,10,10,5,8.2,7,10,10,10,7.5,8.2,7.79,49,5.8,7.6,10,10,8,9.0,6.9,7.9,3.1,3.6,4.4,8.3,6.7,6.3,9.1,5.3,6.7,1.0,5.8,8.7,8.5,9.2,10,9.1,8.8,9,9.1,8.9,5,2.6,3.8,10.0,4.6,5.4,2.5,4.2,6.7,-,8.9,10,9.4,10.0,4.5,8.1,6,9.3,3,6.8,3.5,6.7,9.6,2.9,8.7,8.5,6.7,7.6,7.43,45
2017,MWI,Malawi,Sub-Saharan Africa,6.6,99,3,4.4,5.4,4.3,4.9,9.3,10,10.0,7.5,10.0,10.0,9.5,10.0,-,-,5,7.5,8.8,10,10,2.5,7.5,-,-,-,9.4,7.6,8.5,-,-,-,-,-,-,-,-,-,-,-,-,10.0,10.0,5.0,6.3,-,-,-,7.8,10,0,0,0,7.5,5.8,7.13,73,7.5,9.8,0,7,4,5.5,6.9,5.9,5,3.6,5.1,5.8,4.2,2.3,8.6,4.7,4.4,1.0,4.7,7.2,8.0,7.7,5,7.0,8.5,7.5,5.8,7.3,5.7,5,5.4,9.0,6,1.5,7.1,4.9,6.6,10,0.0,6,5.3,4.4,4.4,6.6,10,5.7,10,6.9,4.4,3.1,8.4,2.8,8.4,8.0,5.9,6.0,6.06,131
2017,LUX,Luxembourg,Western Europe,8.56,6,1,-,-,-,8.0,9.9,10,10.0,-,10.0,10.0,10.0,10.0,-,-,10,10.0,10.0,10,10,10,10.0,-,-,10,9.6,7.9,9.1,10,10,-,-,10,-,-,10,-,-,10,10,10.0,10.0,9.0,8.8,10,10,10,9.7,7,10,10,10,10,9.0,9.26,5,1.4,4.3,7,6,6,6.0,8.5,5.4,8.7,7.3,8.8,10.0,10,7.5,6.2,8.6,8.1,1.0,8.3,8.4,9.4,9.7,10,9.4,9,9,6.7,8.2,6.8,10,8.4,10.0,8.3,3.8,7.7,6.6,8.3,8,10.0,10,9.3,2.2,4.7,6.8,6,8.5,10,6.4,5.6,7.1,9.4,7.8,8.4,9.4,7.9,7.9,7.86,17
2017,LTU,Lithuania,Eastern Europe,8.32,22,1,-,-,-,6.8,8.2,10,10.0,10,10.0,10.0,10.0,10.0,-,-,10,10.0,9.4,10,10,10,10.0,-,-,10,9,6.4,8.5,10,10,-,-,10,-,-,10,-,-,10,10,10.0,10.0,8.0,8.5,10,10,10,9.5,10,10,10,10,7.5,9.2,8.76,25,5.7,6.4,8,10,4,7.0,9.8,7.4,5.4,3.8,5.7,8.3,6.7,6.2,9.7,6.5,6.8,1.0,6.6,8.2,9.4,9.3,10,9.2,9,9,6.7,8.2,5.7,9.8,7.7,10.0,5.8,6.9,7.7,6.8,8.2,10,10.0,9,9.7,8.3,4,8.3,8,8.5,3,6.7,3.4,10.0,9.8,4.9,9.7,8.9,7.8,8.0,7.88,16
2017,LBY,Libya,Middle East & North Africa,4.64,156,4,-,-,-,2.3,9.0,10,0.0,0,0.0,4.6,2.9,10.0,-,-,7.5,8.8,6.9,5,5,7.5,5.8,-,-,7.5,7.5,5.8,6.9,2.5,2.5,-,-,2.5,-,-,2.5,-,-,2.5,2.5,10.0,10.0,2.7,1.3,7.5,7.5,5,6.3,-,0,0,0,7.5,3.8,4.83,151,0.0,-,0,10,9,9.5,5.1,3.7,3.4,2.4,3.3,5.0,6.7,3.6,-,4.7,2.5,0.8,3.6,7.1,4.6,4.3,10,6.5,-,-,-,-,5.8,4.3,5.0,0.0,5,0.8,0.3,2.0,2.3,-,10.0,7,8.5,7.2,4.3,6.7,8,4.4,10,6.8,4.3,0.0,8.6,3.1,-,0.0,3.2,6.2,4.45,161
2017,LBR,Liberia,Sub-Saharan Africa,6.35,113,3,2.5,4.3,3.1,3.8,8.7,10,10.0,7.5,10.0,10.0,9.5,5.0,-,-,5,5.0,7.7,5,10,10,8.3,-,-,-,9.4,9,9.2,-,-,-,-,-,-,-,-,-,-,-,-,10.0,10.0,4.3,4.5,-,-,-,7.2,-,0,0,0,2.5,1.3,6.13,118,8.7,8.6,4,9,7,8.0,6.7,7.2,4,4.0,4.6,5.0,3.3,2.9,4.6,4.4,5.2,1.0,4.2,9.7,8.9,7.5,10,9.0,6.4,8,7,7.1,4.7,0,2.3,10.0,5.8,8.5,1.8,5.3,6.2,8,0.0,9,5.7,6.7,4.5,5.9,8,3.1,10,6.4,4.6,3.3,9.3,3.8,9.4,8.4,6.5,6.2,6.56,105
2017,LSO,Lesotho,Sub-Saharan Africa,6.54,104,3,-,-,-,4.7,0.0,10,10.0,7.5,10.0,10.0,9.5,10.0,-,-,5,7.5,5.7,10,10,10,10.0,-,-,-,9.7,8.8,9.2,-,-,-,-,-,-,-,-,-,-,-,-,10.0,10.0,5.7,4.5,-,-,-,7.5,0,10,10,10,5,5.0,6.57,94,2.7,9.1,0,8,8,8.0,7.9,5.6,4.5,4.1,4.3,5.6,-,3.9,6.6,7.5,9,0.9,5.4,8.8,8.2,8.9,5,7.7,2.5,8.5,5.7,5.5,3.5,9.8,6.7,10.0,4.2,1.5,5.1,3.6,6.4,10,10.0,9,9.7,6.7,4.2,4.3,8,6.5,10,6.6,4.7,4.4,9.0,3.1,7.9,6.3,5.9,7.4,6.5,109
2017,LBN,Lebanon,Middle East & North Africa,6.74,88,3,2.9,4.7,3.7,4.3,8.4,5,6.2,2.5,9.1,8.4,6.2,10.0,-,-,2.5,6.3,7.0,10,10,10,10.0,-,-,7.5,7.9,6,7.2,10,10,-,-,7.5,-,-,7.5,-,-,10,9,10.0,10.0,3.3,4.8,10,10,10,8.3,-,0,10,5,0,2.5,6.52,99,8.2,8,10,10,8,9.0,6.5,8.4,3.4,2.9,5.3,3.3,6.7,3.2,7.3,4.3,4.5,0.7,3.8,9.8,9.4,9.1,10,9.6,9.1,8.8,5,7.6,5,3.1,4.1,10.0,5,1.5,9.3,5.3,6.8,10,0.0,10,6.7,5.6,4.9,6.5,8,10,10,7.5,3.2,0.4,9.0,2.4,6.4,8.0,4.9,6.4,6.97,75
2017,LVA,Latvia,Eastern Europe,8.29,23,1,-,-,-,6.7,8.7,10,10.0,10,10.0,10.0,10.0,10.0,-,-,10,10.0,9.6,10,10,10,10.0,-,-,10,9.1,6.5,8.5,10,10,-,-,10,-,-,10,-,-,10,10,10.0,10.0,7.7,8.0,10,10,10,9.4,10,10,10,10,10,10.0,8.85,21,5.1,6.2,7,9,4,6.5,9.1,6.8,4.4,2.9,5.4,8.3,8.3,5.5,9,5.7,7,1.0,6.3,8.2,9.5,9.4,10,9.3,9,9,6.7,8.2,6.9,9.4,8.1,10.0,6.6,6.9,7.7,7.1,8.4,10,9.7,8,9.2,5.0,4.2,8.3,10,7.8,10,7.5,3.5,9.1,9.8,4,7.8,8.1,7.0,7.9,7.73,24
2017,MDG,Madagascar,Sub-Saharan Africa,6.32,115,3,2.1,3.9,3.6,3.6,6.9,10,10.0,7.5,10.0,10.0,9.5,10.0,-,-,7.5,8.8,8.4,10,10,2.5,7.5,-,-,5,9.3,8.3,7.5,7.5,2.5,-,-,5,-,-,5,-,-,7.5,5.5,10.0,10.0,3.7,4.3,10,10,10,8.3,-,10,10,10,2.5,6.3,6.51,101,8.1,9,4,10,7,8.5,8.2,7.6,2.3,4.0,3.6,1.7,4.2,3,5.1,5.3,3.8,0.6,3.0,7.7,9.5,8.3,5,7.6,8.4,7.7,7.3,7.8,1.9,5.1,3.5,10.0,5.4,0.8,10,5.4,6.7,10,7.2,5,7.4,0.0,3.8,6.2,8,7.1,1,4.4,3.4,3.3,9.4,2.5,7.8,7.9,5.7,5.8,6.14,126
2017,MNE,Montenegro,Eastern Europe,7.43,53,2,-,-,-,5.2,9.0,10,10.0,7.5,10.0,10.0,9.5,10.0,-,-,7.5,8.8,9.1,10,10,10,10.0,-,-,-,9,8.8,8.9,-,-,-,-,-,-,-,-,-,-,-,-,10.0,10.0,5.7,5.3,-,-,-,7.7,7,10,10,10,10,9.0,8.03,45,5.9,-,4,10,4,7.0,6.8,5.9,4.5,4.3,5.2,6.3,-,4.8,7.6,5.2,5.9,0.8,4.9,8.8,9.3,9.5,5,8.1,7.8,9.2,7.9,8.3,5.8,9.2,7.5,10.0,5.6,6.9,8.1,6.9,8.2,10,0.0,10,6.7,6.7,4.7,6.9,10,7.8,10,7.7,4.6,7.1,9.6,4.3,8.4,6.6,6.8,7.0,6.84,83
2017,MAR,Morocco,Middle East & North Africa,6.18,125,4,2.1,5.4,3.7,4.2,9.2,10,10.0,5,10.0,10.0,9.0,10.0,-,-,0,5.0,7.7,10,10,7.5,9.2,-,-,2.5,8.1,2.7,4.4,7.5,2.5,-,-,2.5,-,-,5,-,-,7.5,5,10.0,8.9,2.3,3.8,10,7.5,7.5,7.1,-,0,0,0,2.5,1.3,5.68,135,4.5,7.3,8,5,3,4.0,7.3,6.2,4.7,4.6,6.4,6.7,6.7,5,7.5,7.6,6.9,0.8,5.6,9.6,9.7,9.8,0,7.3,9.3,7.7,3.5,6.8,5.2,7.8,6.5,10.0,6.7,0.8,7.4,5.0,7.1,8,8.4,10,8.8,1.1,3.9,7.4,8,5.3,10,5.9,4.9,5.8,9.7,4.3,9.5,8.3,7.1,7.3,6.69,92
2017,MOZ,Mozambique,Sub-Saharan Africa,6.24,120,3,-,-,-,3.6,8.6,10,10.0,5,9.8,9.9,8.9,10.0,-,-,7.5,8.8,8.8,10,10,10,10.0,-,-,5,9.3,9.4,7.9,5,2.5,-,-,0,-,-,2.5,-,-,2.5,2.5,10.0,10.0,6.0,4.8,7.5,7.5,7.5,7.6,10,10,10,10,10,10.0,6.89,84,3.8,9.5,2,7,5,6.0,5.8,5.4,2.9,2.8,4.3,6.7,5,1.8,7.5,3,4,1.0,4.1,7.7,8.1,7.0,5,6.9,9.1,8,7.1,8.1,4.4,7.4,5.9,10.0,5.6,0,0.9,2.2,6.5,10,0.0,9,6.3,3.3,3.8,5.3,6,0,0,3.1,3.5,2.4,8.2,2.7,9,7.8,5.6,5.0,5.6,149
2017,PHL,Philippines,South Asia,6.88,76,2,2.2,4.7,3.1,3.4,6.6,5,4.8,2.5,8.4,8.7,5.9,10.0,-,-,5,7.5,6.7,10,10,2.5,7.5,-,-,10,8.1,7.4,8.5,7.5,7.5,-,-,7.5,-,-,10,-,-,7.5,8,9.0,10.0,5.3,5.0,10,10,10,8.5,10,10,10,10,0,6.7,6.44,103,7.8,9.1,10,7,7,7.0,7.5,8.3,3.8,3.4,5.6,3.3,4.2,3.1,7.9,3.7,4.3,0.9,4.2,9.2,9.4,9.4,10,9.5,7.3,8.7,7.3,7.8,5.9,5.1,5.5,10.0,5.4,0.8,10,5.4,7.2,8,9.7,10,9.2,7.8,4.8,6.5,10,2.5,10,6.9,3.3,4.7,8.8,2.8,8.9,8.0,6.1,7.4,7.32,53
2017,PER,Peru,Latin America & the Caribbean,7.55,49,2,6.2,4.4,3.6,4.7,6.9,10,10.0,7.5,9.9,10.0,9.5,10.0,-,-,7.5,8.8,8.4,10,10,10,10.0,-,-,10,9.3,5.4,8.2,10,7.5,-,-,10,-,-,7.5,-,-,10,9,10.0,10.0,5.3,5.3,10,10,10,8.7,10,10,10,10,2.5,7.5,7.61,55,6.7,9.6,7,8,3,5.5,8.9,7.5,3.2,2.5,4.4,7.5,5,5.1,8.8,2.7,3.5,1.0,4.7,9.8,9.6,9.4,10,9.7,9.7,9.5,8.4,9.2,5.8,5.8,5.8,10.0,6.6,8.5,9,8.0,8.2,8,8.6,9,8.5,3.9,3,7.7,10,7,10,6.9,2.3,7.8,9.1,3.1,7.9,7.1,6.2,7.2,7.49,42
2017,PRY,Paraguay,Latin America & the Caribbean,6.9,73,2,-,-,-,4.1,6.4,10,10.0,5,9.8,10.0,9.0,10.0,-,-,5,7.5,7.6,10,10,10,10.0,-,-,7.5,9.6,7.5,8.2,7.5,10,-,-,5,-,-,7.5,-,-,7.5,7.5,5.1,10.0,4.7,4.0,10,10,10,7.7,0,10,10,10,5,5.0,6.78,87,7.5,8.8,8,10,7,8.5,8.7,8.3,1.7,2.4,4.7,2.5,3.3,4.1,8.5,2.9,4.7,1.0,3.9,9.5,9.0,9.3,10,9.4,9,8,6.8,8,5.5,6,5.7,10.0,6.2,3.8,6.7,5.6,7.3,8,9.8,9,8.9,4.4,3.8,6.9,6,2.6,1,4.1,4,4.7,8.5,2.5,8.9,5.8,5.7,6.2,7.03,72
2017,PNG,Papua_New_Guinea,Oceania,6.6,99,3,-,-,-,3.9,6.0,10,10.0,7.5,10.0,9.9,9.5,10.0,-,-,5,7.5,7.7,10,10,10,10.0,-,-,-,8.6,7.5,8.1,-,-,-,-,-,-,-,-,-,-,-,-,10.0,10.0,7.7,6.8,-,-,-,8.6,-,0,10,5,5,5.0,6.84,85,3.3,7.7,8,5,5,5.0,6.5,6.1,4.3,4.1,4.1,7.5,5,1,6.9,5.6,3,0.8,4.2,9.5,7.5,8.9,0,6.5,6.6,9.1,6.1,7.3,6.1,4.1,5.1,10.0,6,7.7,7.1,6.9,7.3,10,5.1,10,8.4,7.8,-,-,10,7,10,8.7,-,3.6,8.5,3.2,7.4,7.7,6.1,7.7,6.36,115
2017,PAN,Panama,Latin America & the Caribbean,7.69,44,2,5.1,4.8,3.3,4.4,6.1,10,10.0,10,10.0,10.0,10.0,10.0,-,-,10,10.0,8.7,10,10,10,10.0,-,-,10,9,6.1,8.4,10,10,-,-,7.5,-,-,7.5,-,-,7.5,8.5,10.0,10.0,4.3,6.3,10,10,10,8.7,7,10,10,10,10,9.0,7.72,51,6.5,8.6,10,9,4,6.5,7.8,7.9,2.8,3.2,6.1,8.3,5,2.7,8.8,5.5,5.3,1.0,5.2,9.7,9.5,9.8,10,9.7,8.9,8.6,5.9,7.8,6.2,8.9,7.6,10.0,7.7,10,10,9.2,8.7,8,9.3,10,9.1,2.2,3.8,6,4,4.1,10,5.0,4.1,6.7,9.8,3.7,9.2,5.4,6.5,6.9,7.66,31
2017,PAK,Pakistan,South Asia,5.69,140,4,1.9,3.7,3.8,3.5,8.3,0,9.0,2.5,8.2,7.9,5.5,10.0,-,-,0,5.0,6.3,10,0,2.5,4.2,-,-,2.5,6,3.7,4,7.5,7.5,-,-,10,-,-,10,-,-,10,9,9.5,9.9,3.7,2.5,10,7.5,7.5,7.2,10,0,10,5,2.5,5.8,5.47,140,8.2,9.2,4,8,8,8.0,5.7,7.0,4.5,4.3,4.6,2.5,5,3.7,6.4,4.2,3.6,0.7,3.6,8.6,8.9,9.2,0,6.7,7.9,7.6,5.9,7.1,4.9,3.3,4.1,10.0,4.9,0.8,0.8,2.2,5.8,8,6.3,10,8.1,1.1,4.9,5.2,6,2.6,10,5.0,4.4,5.3,9.4,3.7,6.6,6.7,6.0,6.4,5.91,136
2017,OMN,Oman,Middle East & North Africa,5.98,134,4,-,-,-,5.9,9.8,10,10.0,7.5,10.0,10.0,9.5,10.0,-,-,0,5.0,8.1,10,0,2.5,4.2,-,-,2.5,8.9,3.7,5,2.5,2.5,-,-,0,-,-,5,-,-,2.5,2.5,10.0,10.0,1.7,3.3,5,2.5,5,5.3,-,0,0,0,0,0.0,5.2,147,0.2,8.1,0,10,10,10.0,3.9,4.4,7,6.0,7.6,8.3,8.3,5,8.1,8.8,8.8,0.6,6.2,9.4,5.9,9.7,10,8.7,9.6,8.9,5,7.9,6.1,7.6,6.8,10.0,5.3,5.4,7.3,6.0,7.7,10,0.9,9,6.6,7.8,4.5,7.1,2,-,10,6.3,5.2,6.2,9.8,6,8.1,9.2,7.4,6.8,6.76,89
2017,NOR,Norway,Western Europe,8.44,17,1,8.9,8.5,8.3,8.6,9.8,10,10.0,10,10.0,10.0,10.0,10.0,-,-,10,10.0,9.9,10,10,10,10.0,-,-,7.5,8.6,6.1,7.4,10,10,-,-,10,-,-,10,-,-,10,10,10.0,10.0,9.3,9.3,10,10,10,9.8,10,10,10,10,7.5,9.2,9.26,6,1.5,4.6,7,6,3,4.5,7,4.9,8.8,6.5,8.3,10.0,10,6.8,9.1,8.6,8.2,1.0,8.5,9.6,9.0,9.6,10,9.6,9.9,8.8,0,6.2,5.6,9.9,7.7,10.0,6.7,4.6,7.7,6.3,7.6,10,10.0,8,9.3,7.2,4.3,4.7,6,10,0,5.4,4.9,7.8,9.8,7.7,9.1,9.1,8.1,7.6,7.62,32
2017,MKD,North_Macedonia,Eastern Europe,7.34,56,2,4.1,5.6,4.7,5.0,9.4,10,10.0,5,10.0,10.0,9.0,10.0,-,-,7.5,8.8,9.1,10,5,10,8.3,-,-,10,8.7,6.3,8.3,7.5,7.5,-,-,5,-,-,10,-,-,10,8,10.0,10.0,3.7,3.8,10,10,7.5,7.8,7,10,10,10,10,9.0,7.66,54,6.3,4.6,7,10,7,8.5,7.3,6.7,2.2,2.1,4.1,5.6,-,3.9,8.4,4.1,5.7,0.9,4.3,8.6,9.3,9.7,5,8.1,9.6,8.6,6.5,8.3,5.2,9.6,7.4,10.0,6.1,3.1,8.5,5.9,7.9,10,9.1,10,9.7,6.1,4.5,5.5,8,7.8,10,7.0,3.1,8.4,9.5,5,9.4,8.7,7.4,8.0,7.02,73
2017,NGA,Nigeria,Sub-Saharan Africa,6.38,112,3,3.3,5,4.2,4.3,6.1,10,6.7,2.5,6.8,8.9,7.0,8.2,-,-,2.5,5.4,6.1,10,5,2.5,5.8,-,-,10,6.5,5.5,7.3,7.5,7.5,-,-,10,-,-,10,-,-,10,9,9.8,9.9,5.3,4.5,10,10,7.5,8.2,-,0,0,0,5,2.5,5.9,128,10.0,9.9,10,9,5,7.0,6.1,8.6,4,2.9,4.6,3.3,3.3,4.8,4.8,3.2,3.4,0.7,3.3,9.0,8.6,6.7,10,8.6,-,7.6,6.9,7.2,6.1,0,3.1,9.4,6.5,5.4,2,4.6,6.1,10,7.0,10,9.0,10.0,6.1,7.4,10,10,10,8.9,2.9,2.0,9.3,2.4,9.2,6.2,5.3,7.8,6.86,81
2017,NER,Niger,Sub-Saharan Africa,5.87,136,4,-,-,-,4.1,8.2,10,6.8,2.5,7.7,9.3,7.3,9.8,-,-,0,4.9,6.8,5,10,10,8.3,-,-,7.5,9.3,6.6,7.8,5,5,-,-,5,-,-,7.5,-,-,5,5.5,10.0,9.5,4.7,5.3,2.5,2.5,2.5,5.3,-,10,10,10,0,5.0,5.92,125,6.1,9.8,4,7,3,5.0,6.2,6.2,5.4,4.4,4.1,3.3,3.3,4.4,7.3,-,-,0.6,3.7,9.4,9.5,9.4,0,7.1,3.8,7.6,7,6.1,5.1,4.4,4.7,10.0,-,0.8,2.1,1.4,5.6,10,7.9,5,7.6,1.7,-,-,8,7.4,0,4.3,-,4.9,9.7,-,9.4,7.0,7.7,6.5,5.83,142
2017,NIC,Nicaragua,Latin America & the Caribbean,6.86,77,2,4,3.9,3.4,3.8,7.1,10,10.0,7.5,10.0,10.0,9.5,10.0,-,-,10,10.0,8.9,10,10,10,10.0,-,-,7.5,9.7,6.6,7.9,5,2.5,-,-,2.5,-,-,2.5,-,-,7.5,4,10.0,10.0,5.3,4.0,7.5,5,7.5,7.0,0,10,10,10,10,6.7,6.72,89,6.5,10,6,8,4,6.0,4.7,6.6,1,1.9,4.2,4.2,5.8,5.1,7,5.2,6.4,1.0,4.4,8.3,9.1,9.2,10,9.1,9.6,8.9,7,8.5,5,6.1,5.5,10.0,6.3,5.4,10,7.2,7.8,10,9.4,9,9.5,6.7,5.1,5.7,2,6.3,10,6.0,3.3,4.0,8.9,2.5,7.2,7.7,5.6,7.0,7.01,74
2017,NZL,New_Zealand,Oceania,8.88,1,1,8.4,7.9,7.4,7.9,9.7,10,10.0,10,10.0,10.0,10.0,10.0,-,-,10,10.0,9.9,10,10,10,10.0,-,-,10,9.3,9.9,9.7,10,10,-,-,10,-,-,10,-,-,10,10,10.0,10.0,8.7,8.0,10,10,10,9.5,7,10,10,10,10,9.0,9.27,3,5.1,6.4,8,7,7,7.0,6.8,6.6,9.2,7.3,8.6,10.0,9.2,7.2,9.9,8.9,7.2,1.0,8.6,9.0,9.4,9.6,10,9.5,8.8,9.6,9,9.1,7.5,8.7,8.1,10.0,6.9,6.9,7.7,7.2,8.6,10,10.0,10,10.0,8.9,5.9,7.8,10,10,10,8.8,5.6,9.8,10.0,8.6,9.4,8.4,8.6,9.1,8.5,3
2017,NLD,Netherlands,Western Europe,8.5,11,1,8.9,8.7,8,8.5,9.7,10,10.0,10,10.0,10.0,10.0,10.0,-,-,10,10.0,9.9,10,10,10,10.0,-,-,10,8.4,8.2,8.9,10,10,-,-,10,-,-,10,-,-,10,10,10.0,10.0,9.3,8.8,10,10,10,9.7,7,10,10,10,7.5,8.2,9.28,2,1.3,3.8,8,2,2,2.0,6.6,4.3,9,7.2,8.6,10.0,10,5.1,7.9,8.4,6.8,1.0,8.1,8.2,9.8,9.7,10,9.4,9,9,6.7,8.2,7.1,10,8.5,10.0,7.4,8.5,7.7,7.9,8.7,5,10.0,10,8.3,6.7,5.7,5.2,10,7.5,10,7.5,5.6,9.6,9.8,8.1,8.3,8.7,8.3,8.1,7.72,25
2017,NPL,Nepal,South Asia,6.51,107,3,3.4,4.7,4.3,4.3,9.1,10,10.0,7.5,10.0,9.4,9.4,10.0,-,-,7.5,8.8,9.1,10,5,10,8.3,-,-,2.5,7.6,5.5,5.2,7.5,7.5,-,-,5,-,-,2.5,-,-,2.5,5,10.0,10.0,4.7,4.8,5,7.5,5,6.7,10,10,10,10,0,6.7,6.53,98,8.0,9.2,7,7,7,7.0,4.9,7.2,4.5,3.6,5.2,4.5,-,3.4,8.3,5.3,5.3,0.8,4.5,8.7,9.3,9.3,0,6.8,5,7.6,5.5,6,5.5,6.2,5.9,10.0,3.9,0,10,4.6,6.6,8,10.0,10,9.3,6.7,3.6,5.5,10,2.6,10,6.4,3.7,5.1,9.2,2.9,9,6.0,6.0,7.2,6.49,110
2017,NAM,Namibia,Sub-Saharan Africa,6.75,87,3,-,-,-,5.6,3.1,10,10.0,7.5,10.0,10.0,9.5,10.0,-,-,7.5,8.8,7.1,10,10,2.5,7.5,-,-,7.5,9.8,8.9,8.7,7.5,7.5,-,-,7.5,-,-,7.5,-,-,5,7,10.0,10.0,7.0,6.8,-,-,7.5,8.3,7,0,10,5,7.5,6.5,6.97,80,4.0,8.7,4,6,6,6.0,5.8,5.7,7.1,5.8,7,10.0,8.3,4.8,4.6,5.5,4.8,1.0,6.4,8.6,8.5,8.8,0,6.5,4.5,8.5,5.7,6.2,5.7,5.3,5.5,10.0,6.2,0.8,5.8,4.2,6.5,10,6.4,10,8.8,10.0,4.5,6.3,10,8.3,10,8.2,4.8,4.0,7.8,4.2,8.3,6.6,6.0,7.7,6.53,106
2017,MMR,Myanmar,South Asia,5.44,148,4,1.5,3.7,2.9,3.0,9.1,5,6.9,5,8.6,9.9,7.1,10.0,-,-,7.5,8.8,8.3,0,0,2.5,0.8,-,-,7.5,6.9,4.7,6.3,7.5,7.5,-,-,5,-,-,7.5,-,-,7.5,7,9.4,9.4,2.3,2.8,10,10,10,7.7,0,0,10,5,2.5,2.5,5.26,144,3.8,9.9,7,9,9,9.0,4.3,6.8,2.7,3.9,3.4,2.5,5,1.9,7,-,3.9,0.9,3.6,8.1,9.5,9.1,0,6.7,9.2,8.7,7.3,8.4,-,0.9,0.9,10.0,3.9,0.8,0,1.5,5.2,0,8.0,10,6.0,7.8,-,-,8,4,0,4.9,-,5.3,9.3,2.2,9.4,6.8,6.6,5.9,5.63,148
2017,QAT,Qatar,Middle East & North Africa,6.15,127,4,-,-,-,6.3,9.8,10,10.0,10,10.0,10.0,10.0,10.0,-,-,0,5.0,8.3,5,0,0,1.7,-,-,2.5,8.6,3,4.7,0,2.5,-,-,0,-,-,0,-,-,10,2.5,10.0,10.0,3.0,3.3,7.5,7.5,7.5,7.0,-,0,0,0,0,0.0,5.24,145,0.0,9.6,6,10,10,10.0,2.8,5.7,6.7,6.7,7.1,6.7,8.3,4.9,9.7,8.1,9,0.6,6.1,8.9,5.2,9.9,10,8.5,9.3,9,6.4,8.3,6.6,7.5,7.0,10.0,5.8,4.6,4.1,4.9,7.5,5,10.0,9,8.0,10.0,6.4,7.5,4,4.8,5,6.3,5.7,5.6,9.7,8.2,10,9.5,8.1,7.5,7.07,69
2017,ALB,Albania,Eastern Europe,7.84,38,1,6.7,4.5,4.7,5.3,9.1,10,10.0,10,10.0,10.0,10.0,10.0,-,-,7.5,8.8,9.3,10,10,10,10.0,-,-,10,9.6,8,9.2,10,10,-,-,10,-,-,10,-,-,10,10,10.0,10.0,5.0,5.3,10,10,10,8.6,0,10,10,10,7.5,5.8,8.01,46,8.1,7.3,8,9,7,8.0,6.2,7.5,2.5,3.1,4.6,8.3,4.2,4.4,6.6,6.8,6.2,1.0,5.1,9.3,9.7,9.6,10,9.6,9.6,9.3,8.1,9,6,9.4,7.7,10.0,6.3,5.4,8.3,6.7,8.3,10,9.1,10,9.7,5.6,5.4,6.4,8,6.3,10,6.9,6.3,6.7,9.7,4.1,6,7.2,6.7,7.8,7.67,30
